Municipio,Produto,Quantidade produzida,Rendimento médio da produção,Valor da produção,Área colhida,Área destinada à colheita,Área plantada
Alvarães - AM,Abacaxi*,75.5,22818.4,162.1,3.4,0.0,3.8
Alvarães - AM,Açaí,996.38,15858.12,1037.12,62.75,63.75,0.0
Alvarães - AM,Banana (cacho),253.2,12133.0,345.7,20.3,21.0,0.0
Alvarães - AM,Cacau (em amêndoa),7.29,630.71,30.71,12.14,12.86,0.0
Alvarães - AM,Cana-de-açúcar,78.0,39000.0,37.0,2.0,0.0,2.5
Alvarães - AM,Coco-da-baía*,8.33,4166.67,7.33,2.0,2.0,0.0
Alvarães - AM,Feijão (em grão),1.7,966.7,3.4,1.8,0.0,2.1
Alvarães - AM,Laranja,15.5,10500.0,30.0,1.5,1.5,0.0
Alvarães - AM,Mamão,38.0,25500.0,76.0,1.5,2.0,0.0
Alvarães - AM,Mandioca,42982.6,10349.3,42137.0,4359.2,0.0,4415.0
Alvarães - AM,Maracujá,16.5,10750.0,41.5,1.5,2.0,0.0
Alvarães - AM,Melancia,174.3,17029.0,231.4,10.4,0.0,10.9
Alvarães - AM,Milho (em grão),8.2,2783.3,7.6,2.9,0.0,3.0
Alvarães - AM,Total,443298.0,976077.0,21888.75,2229.3,82.7,4435.3
Amaturá - AM,Abacaxi*,301.0,12798.11,983.44,23.22,0.0,26.22
Amaturá - AM,Açaí,105.25,10816.75,219.25,10.0,10.0,0.0
Amaturá - AM,Banana (cacho),712.2,10792.7,2112.4,62.4,70.1,0.0
Amaturá - AM,Cacau (em amêndoa),1.0,1000.0,7.0,1.0,1.0,0.0
Amaturá - AM,Coco-da-baía*,15.25,3050.0,40.5,4.75,4.75,0.0
Amaturá - AM,Feijão (em grão),17.14,1060.71,67.29,17.86,0.0,18.14
Amaturá - AM,Laranja,22.57,10881.0,64.86,2.29,2.29,0.0
Amaturá - AM,Mamão,95.12,16174.38,212.88,6.25,6.62,0.0
Amaturá - AM,Mandioca,1797.4,9365.3,2714.2,178.1,0.0,235.0
Amaturá - AM,Maracujá,24.0,12000.0,77.67,2.0,2.0,0.0
Amaturá - AM,Melancia,161.78,9321.0,382.89,20.89,0.0,26.0
Amaturá - AM,Milho (em grão),20.5,2187.5,32.25,7.75,0.0,9.25
Amaturá - AM,Total,31358.0,808734.0,3280.3,158.15,86.2,303.3
Amaturá - AM,Abacate,1.5,1500.0,11.5,1.0,1.0,0.0
Amaturá - AM,Arroz (em casca),19.0,2714.0,76.0,7.0,0.0,8.0
Amaturá - AM,Batata-doce,71.5,9154.25,134.5,8.25,0.0,8.25
Amaturá - AM,Goiaba,11.75,4583.25,33.25,2.5,2.5,0.0
Amaturá - AM,Limão,5.5,3250.0,16.5,1.75,1.75,0.0
Amaturá - AM,Manga,10.0,10000.0,59.0,1.0,1.0,0.0
Amaturá - AM,Tangerina,5.0,2500.0,12.0,2.0,2.0,0.0
Anamã - AM,Açaí,261.88,10058.12,514.25,26.12,31.12,0.0
Anamã - AM,Banana (cacho),268.1,9010.3,414.9,29.9,48.5,0.0
Anamã - AM,Mamão,376.11,16610.33,727.22,22.0,24.0,0.0
Anamã - AM,Mandioca,1032.9,8964.4,1373.4,111.6,0.0,133.9
Anamã - AM,Maracujá,151.3,12103.8,396.5,12.0,14.3,0.0
Anamã - AM,Melancia,100.0,8333.0,100.0,12.0,0.0,19.0
Anamã - AM,Milho (em grão),92.22,2210.67,114.33,41.22,0.0,45.78
Anamã - AM,Total,23206.0,577369.0,1901.5,202.75,109.6,395.4
Anamã - AM,Goiaba,15.0,5000.0,30.0,3.0,3.0,0.0
Anamã - AM,Malva (fibra),225.8,1339.7,436.4,172.7,0.0,218.4
Anori - AM,Abacaxi*,58.0,18111.0,199.67,3.0,0.0,3.0
Anori - AM,Açaí,633.75,11706.38,1198.38,53.75,69.38,0.0
Anori - AM,Banana (cacho),274.2,13306.0,391.2,20.4,23.1,0.0
Anori - AM,Feijão (em grão),29.56,1340.78,92.56,22.22,0.0,24.56
Anori - AM,Laranja,107.5,12283.5,119.0,8.5,15.0,0.0
Anori - AM,Mamão,88.33,21888.89,179.89,4.11,4.11,0.0
Anori - AM,Mandioca,1001.9,9271.1,1231.5,110.0,0.0,127.0
Anori - AM,Maracujá,19.1,13366.7,41.3,1.6,1.9,0.0
Anori - AM,Melancia,303.9,13809.6,403.2,20.7,0.0,23.7
Anori - AM,Milho (em grão),170.33,3053.89,190.67,56.44,0.0,64.44
Anori - AM,Total,28616.0,1064305.0,2328.15,264.1,95.3,510.7
Anori - AM,Abacate,42.0,4200.0,46.0,10.0,10.0,0.0
Anori - AM,Goiaba,34.9,9866.6,40.4,3.5,3.8,0.0
Anori - AM,Limão,9.56,3629.67,13.22,2.78,3.0,0.0
Anori - AM,Tangerina,4.0,4000.0,4.0,1.0,1.0,0.0
Anori - AM,Malva (fibra),452.56,1615.0,1191.22,275.33,0.0,310.0
Anori - AM,Café (em grão) Arábica,9.0,1800.0,5.0,5.0,5.0,0.0
Anori - AM,Café (em grão) Total,9.0,1800.0,5.0,5.0,5.0,0.0
Apuí - AM,Abacaxi*,140.8,17507.1,325.0,7.9,0.0,8.1
Apuí - AM,Banana (cacho),688.0,12510.6,1402.1,54.5,54.5,0.0
Apuí - AM,Cacau (em amêndoa),220.8,792.8,871.7,169.6,170.2,0.0
Apuí - AM,Cana-de-açúcar,383.0,54714.5,268.0,7.0,0.0,7.0
Apuí - AM,Coco-da-baía*,94.8,4460.9,100.5,21.3,21.7,0.0
Apuí - AM,Feijão (em grão),6.38,880.88,24.88,6.88,0.0,7.12
Apuí - AM,Laranja,168.0,15500.0,233.8,10.7,10.8,0.0
Apuí - AM,Mamão,126.6,16600.0,236.4,7.8,7.8,0.0
Apuí - AM,Mandioca,4967.0,11166.2,5585.1,428.5,0.0,429.5
Apuí - AM,Maracujá,74.8,15726.7,168.1,4.8,5.0,0.0
Apuí - AM,Melancia,1506.5,17175.5,2880.4,90.5,0.0,93.7
Apuí - AM,Milho (em grão),1258.5,2280.2,1037.0,550.0,0.0,560.0
Apuí - AM,Total,106257.0,1400057.0,7784.0,978.5,661.4,1337.6
Apuí - AM,Arroz (em casca),526.62,1948.0,516.88,263.25,0.0,288.75
Apuí - AM,Batata-doce,78.2,10690.0,198.7,7.3,0.0,8.2
Apuí - AM,Limão,23.2,6150.0,37.3,3.8,3.9,0.0
Apuí - AM,Café (em grão) Total,445.78,1499.78,1610.67,297.33,297.33,0.0
Apuí - AM,Café (em grão) Canephora,445.78,1499.78,1610.67,297.33,297.33,0.0
Apuí - AM,Guaraná (semente),28.2,240.1,562.2,117.3,122.0,0.0
Apuí - AM,Pimenta-do-reino,20.5,4000.0,278.25,4.5,4.5,0.0
Atalaia do Norte - AM,Abacaxi*,204.67,16333.33,624.78,12.33,0.0,12.33
Atalaia do Norte - AM,Açaí,30.83,9166.67,74.0,3.33,3.33,0.0
Atalaia do Norte - AM,Banana (cacho),1687.7,16601.8,6013.9,100.4,112.3,0.0
Atalaia do Norte - AM,Cana-de-açúcar,603.75,31562.5,261.25,15.25,0.0,21.5
Atalaia do Norte - AM,Coco-da-baía*,13.4,6700.0,28.0,2.0,2.0,0.0
Atalaia do Norte - AM,Feijão (em grão),46.7,1327.1,161.8,44.5,0.0,46.2
Atalaia do Norte - AM,Laranja,48.62,16125.0,192.75,2.75,2.75,0.0
Atalaia do Norte - AM,Mamão,71.6,19866.7,226.8,3.2,3.3,0.0
Atalaia do Norte - AM,Mandioca,3216.9,10893.0,4988.5,299.6,0.0,309.3
Atalaia do Norte - AM,Maracujá,294.29,17142.86,1175.43,14.0,14.0,0.0
Atalaia do Norte - AM,Melancia,200.0,16111.11,510.67,16.44,0.0,20.0
Atalaia do Norte - AM,Milho (em grão),91.0,3037.0,135.33,30.11,0.0,32.78
Atalaia do Norte - AM,Total,63078.0,1577486.0,7053.2,270.35,143.0,432.4
Atalaia do Norte - AM,Abacate,14.71,5381.0,121.0,2.86,2.86,0.0
Atalaia do Norte - AM,Arroz (em casca),4.67,2666.67,13.5,1.67,0.0,1.67
Atalaia do Norte - AM,Batata-doce,8.0,8000.0,40.0,1.0,0.0,1.0
Atalaia do Norte - AM,Goiaba,34.67,8000.0,102.67,3.67,4.33,0.0
Atalaia do Norte - AM,Limão,56.8,7060.0,185.1,7.9,8.4,0.0
Atalaia do Norte - AM,Tangerina,11.5,6250.0,36.5,1.75,1.75,0.0
Autazes - AM,Abacaxi*,339.3,15309.1,553.5,22.6,0.0,25.8
Autazes - AM,Açaí,133.33,10000.0,355.0,13.33,13.33,0.0
Autazes - AM,Banana (cacho),1888.5,15317.6,3312.4,121.5,139.0,0.0
Autazes - AM,Cacau (em amêndoa),19.9,416.9,109.2,48.1,72.1,0.0
Autazes - AM,Feijão (em grão),6.0,1200.0,30.0,5.0,0.0,5.0
Autazes - AM,Laranja,230.0,8333.33,465.17,27.5,27.5,0.0
Autazes - AM,Mamão,331.67,15277.83,722.0,21.83,24.33,0.0
Autazes - AM,Mandioca,51230.0,12797.6,42681.0,4111.0,0.0,4501.0
Autazes - AM,Maracujá,491.4,13606.7,1853.9,36.0,42.6,0.0
Autazes - AM,Melancia,711.1,17590.0,1004.5,40.1,0.0,45.6
Autazes - AM,Milho (em grão),92.38,2889.12,76.62,31.38,0.0,40.75
Autazes - AM,Total,551524.0,980601.0,25308.05,2233.5,317.1,4605.7
Autazes - AM,Batata-doce,20.0,10000.0,40.0,2.0,0.0,2.0
Autazes - AM,Goiaba,20.0,4000.0,60.0,5.0,5.0,0.0
Autazes - AM,Limão,25.0,5000.0,93.0,5.0,5.0,0.0
Autazes - AM,Café (em grão) Total,5.33,1000.0,18.83,5.33,5.33,0.0
Autazes - AM,Café (em grão) Canephora,5.33,1000.0,18.83,5.33,5.33,0.0
Autazes - AM,Guaraná (semente),7.8,324.2,187.9,24.1,24.1,0.0
Barcelos - AM,Abacaxi*,130.78,14407.67,280.22,9.56,0.0,10.11
Barcelos - AM,Açaí,163.25,11204.5,561.25,15.38,20.5,0.0
Barcelos - AM,Banana (cacho),98.88,8192.25,194.5,21.75,28.88,0.0
Barcelos - AM,Cacau (em amêndoa),1.67,833.33,6.33,2.0,2.67,0.0
Barcelos - AM,Cana-de-açúcar,137.0,61666.5,137.0,2.0,0.0,2.0
Barcelos - AM,Coco-da-baía*,12.0,4000.0,23.0,3.0,3.0,0.0
Barcelos - AM,Feijão (em grão),17.33,1552.0,41.0,14.0,0.0,14.0
Barcelos - AM,Laranja,32.0,17983.3,32.5,2.0,2.7,0.0
Barcelos - AM,Mamão,178.33,21515.0,412.0,8.33,9.0,0.0
Barcelos - AM,Mandioca,1137.7,10947.4,2241.3,120.1,0.0,126.0
Barcelos - AM,Maracujá,114.29,19387.71,352.57,6.14,6.71,0.0
Barcelos - AM,Melancia,196.57,13857.14,298.86,11.43,0.0,11.88
Barcelos - AM,Milho (em grão),49.5,3000.0,99.0,16.5,0.0,16.5
Barcelos - AM,Total,18619.0,1153642.0,1943.45,94.95,53.2,155.9
Barcelos - AM,Arroz (em casca),17.5,2372.0,26.5,8.0,0.0,8.0
Barcelos - AM,Batata-doce,73.67,18416.67,114.33,4.0,0.0,4.0
Barcelos - AM,Goiaba,30.33,9250.0,53.0,3.33,3.33,0.0
Barcelos - AM,Limão,7.0,7000.0,25.5,1.0,1.0,0.0
Barcelos - AM,Tangerina,13.0,5000.0,27.0,3.0,3.0,0.0
Barcelos - AM,Café (em grão) Arábica,4.0,1000.0,7.0,4.0,4.0,0.0
Barcelos - AM,Café (em grão) Total,4.0,1000.0,7.0,4.0,4.0,0.0
Barcelos - AM,Tomate,44.0,12000.0,220.0,3.0,0.0,3.0
Barreirinha - AM,Abacaxi*,238.9,18041.0,350.0,13.5,0.0,13.9
Barreirinha - AM,Banana (cacho),340.1,12511.1,463.9,26.3,28.2,0.0
Barreirinha - AM,Cacau (em amêndoa),2.5,275.0,10.0,9.0,6.33,0.0
Barreirinha - AM,Cana-de-açúcar,163.33,48666.67,93.0,3.33,0.0,3.33
Barreirinha - AM,Coco-da-baía*,4.0,4000.0,4.0,1.0,1.33,0.0
Barreirinha - AM,Feijão (em grão),8.75,826.75,20.25,12.5,0.0,13.12
Barreirinha - AM,Laranja,23.4,10391.6,46.7,2.6,2.8,0.0
Barreirinha - AM,Mamão,43.44,18166.67,88.11,2.44,2.67,0.0
Barreirinha - AM,Mandioca,2065.25,11378.88,1606.25,187.25,0.0,190.38
Barreirinha - AM,Maracujá,48.3,10900.0,132.6,4.4,4.9,0.0
Barreirinha - AM,Melancia,89.62,10343.75,112.62,7.62,0.0,7.62
Barreirinha - AM,Milho (em grão),42.75,2238.5,34.88,17.12,0.0,17.12
Barreirinha - AM,Total,25365.0,1117324.0,1356.8,148.0,101.1,202.4
Barreirinha - AM,Arroz (em casca),9.0,1954.33,8.67,4.67,0.0,5.0
Barreirinha - AM,Limão,7.8,3766.7,11.9,2.1,2.4,0.0
Barreirinha - AM,Tangerina,4.0,4000.0,4.0,1.0,1.0,0.0
Barreirinha - AM,Café (em grão) Total,10.67,2000.0,21.33,5.33,5.33,0.0
Barreirinha - AM,Café (em grão) Canephora,10.67,2000.0,21.33,5.33,5.33,0.0
Barreirinha - AM,Guaraná (semente),7.4,127.8,163.3,55.8,56.3,0.0
Barreirinha - AM,Juta (fibra),2.0,1000.0,3.0,2.0,0.0,2.0
Benjamin Constant - AM,Abacaxi*,148.2,15838.1,467.3,9.6,0.0,26.2
Benjamin Constant - AM,Açaí,326.67,10666.67,624.5,31.17,31.33,0.0
Benjamin Constant - AM,Banana (cacho),1174.5,14045.5,2686.5,82.6,103.5,0.0
Benjamin Constant - AM,Cana-de-açúcar,242.14,40234.71,161.57,6.0,0.0,6.0
Benjamin Constant - AM,Coco-da-baía*,21.0,3468.14,41.86,6.14,6.57,0.0
Benjamin Constant - AM,Feijão (em grão),13.0,991.43,53.0,12.14,0.0,14.14
Benjamin Constant - AM,Laranja,204.29,20071.43,596.14,9.71,10.29,0.0
Benjamin Constant - AM,Mamão,120.38,21250.0,489.0,5.88,6.12,0.0
Benjamin Constant - AM,Mandioca,3613.6,10714.2,4413.0,310.4,0.0,351.1
Benjamin Constant - AM,Maracujá,199.71,17876.29,777.0,10.86,11.57,0.0
Benjamin Constant - AM,Melancia,376.25,17173.88,861.75,20.75,0.0,21.38
Benjamin Constant - AM,Milho (em grão),21.14,2891.14,37.43,7.43,0.0,8.14
Benjamin Constant - AM,Total,65594.0,1563314.0,5358.45,284.1,369.0,420.4
Benjamin Constant - AM,Abacate,15.0,15000.0,105.0,1.0,1.0,0.0
Benjamin Constant - AM,Arroz (em casca),15.5,2326.62,49.62,6.5,0.0,6.88
Benjamin Constant - AM,Batata-doce,9.33,8000.0,24.67,1.17,0.0,1.17
Benjamin Constant - AM,Goiaba,266.0,4400.0,254.0,31.5,32.75,0.0
Benjamin Constant - AM,Limão,46.6,5866.6,164.5,8.0,8.1,0.0
Benjamin Constant - AM,Tangerina,9.14,2476.29,34.29,3.43,3.71,0.0
Benjamin Constant - AM,Dendê (cacho de coco),1800.0,6000.0,864.0,300.0,282.86,0.0
Beruri - AM,Abacaxi*,20.0,6667.0,24.0,3.0,0.0,12.0
Beruri - AM,Açaí,88.0,6742.4,169.2,15.4,18.8,0.0
Beruri - AM,Banana (cacho),560.0,10000.0,989.0,55.4,56.0,0.0
Beruri - AM,Laranja,74.17,12583.33,175.17,7.33,20.67,0.0
Beruri - AM,Mandioca,2180.22,9239.78,3109.22,221.11,0.0,259.11
Beruri - AM,Melancia,108.17,11192.33,172.17,15.17,0.0,15.17
Beruri - AM,Total,26331.0,335646.0,2155.0,211.63,55.33,397.8
Beruri - AM,Malva (fibra),212.3,1545.5,464.8,137.7,0.0,138.1
Beruri - AM,Juta (fibra),77.33,1333.33,138.33,54.0,0.0,54.0
Boa Vista do Ramos - AM,Abacaxi*,74.5,16000.0,109.9,4.2,0.0,4.4
Boa Vista do Ramos - AM,Banana (cacho),367.0,10583.0,765.4,35.5,40.6,0.0
Boa Vista do Ramos - AM,Cacau (em amêndoa),1.5,125.0,6.0,12.0,14.0,0.0
Boa Vista do Ramos - AM,Feijão (em grão),18.0,779.38,30.12,27.38,0.0,26.67
Boa Vista do Ramos - AM,Laranja,47.3,9750.0,68.5,4.9,5.5,0.0
Boa Vista do Ramos - AM,Mamão,59.44,16814.78,95.56,3.33,3.78,0.0
Boa Vista do Ramos - AM,Mandioca,3557.44,9924.0,2998.89,356.11,0.0,368.33
Boa Vista do Ramos - AM,Maracujá,49.22,14055.56,117.78,3.33,4.0,0.0
Boa Vista do Ramos - AM,Melancia,82.11,8625.0,95.56,9.22,0.0,9.89
Boa Vista do Ramos - AM,Milho (em grão),28.22,2207.44,19.89,11.89,0.0,11.3
Boa Vista do Ramos - AM,Total,39149.0,849795.0,2071.6,234.6,107.4,383.8
Boa Vista do Ramos - AM,Arroz (em casca),7.25,1756.25,8.38,4.12,0.0,4.62
Boa Vista do Ramos - AM,Guaraná (semente),6.8,128.9,172.5,51.5,51.5,0.0
Boca do Acre - AM,Abacaxi*,261.9,21030.3,309.0,12.4,0.0,12.4
Boca do Acre - AM,Banana (cacho),2348.1,14775.4,3649.5,158.7,164.3,0.0
Boca do Acre - AM,Cacau (em amêndoa),116.11,494.22,458.33,234.11,245.22,0.0
Boca do Acre - AM,Cana-de-açúcar,1613.0,54500.0,883.25,29.5,0.0,29.5
Boca do Acre - AM,Feijão (em grão),165.0,1181.5,482.5,132.0,0.0,132.0
Boca do Acre - AM,Laranja,19.4,15400.0,24.4,1.2,1.2,0.0
Boca do Acre - AM,Mamão,72.0,18000.0,180.0,4.0,4.0,0.0
Boca do Acre - AM,Mandioca,2412.8,9440.3,2819.9,237.9,0.0,238.9
Boca do Acre - AM,Maracujá,85.0,17000.0,340.0,5.0,5.0,0.0
Boca do Acre - AM,Melancia,992.0,15312.7,1045.9,64.5,0.0,65.1
Boca do Acre - AM,Milho (em grão),1517.7,2431.5,1470.4,613.7,0.0,616.2
Boca do Acre - AM,Total,94315.0,1244366.0,6341.35,840.0,422.4,1295.9
Boca do Acre - AM,Abacate,15.0,3750.0,11.5,4.0,4.0,0.0
Boca do Acre - AM,Arroz (em casca),249.0,2551.9,369.7,94.9,0.0,95.1
Boca do Acre - AM,Limão,10.2,5100.0,15.5,2.0,2.1,0.0
Boca do Acre - AM,Café (em grão) Total,6.3,1616.7,20.6,3.9,4.0,0.0
Boca do Acre - AM,Café (em grão) Canephora,6.3,1616.7,20.6,3.9,4.0,0.0
Boca do Acre - AM,Pimenta-do-reino,4.0,3300.0,23.0,1.3,1.5,0.0
Boca do Acre - AM,Borracha (látex coagulado),35.0,500.0,88.0,70.0,250.0,0.0
Boca do Acre - AM,Soja (em grão),3910.0,3400.0,9775.0,1150.0,0.0,1150.0
Boca do Acre - AM,Urucum (semente),1.71,1285.71,3.43,1.43,1.43,0.0
Borba - AM,Abacaxi*,78.88,14967.88,149.75,5.25,0.0,5.5
Borba - AM,Banana (cacho),797.4,9731.7,1507.8,86.7,94.5,0.0
Borba - AM,Cacau (em amêndoa),71.2,569.8,458.8,126.0,301.5,0.0
Borba - AM,Cana-de-açúcar,40.0,40000.0,16.0,1.0,0.0,1.0
Borba - AM,Laranja,141.11,16968.0,247.44,8.78,10.0,0.0
Borba - AM,Mamão,43.0,16833.5,100.0,2.5,2.5,0.0
Borba - AM,Mandioca,11295.2,11789.7,10104.7,959.3,0.0,969.3
Borba - AM,Melancia,1409.9,10921.0,1561.3,112.2,0.0,113.2
Borba - AM,Milho (em grão),116.44,2787.67,101.0,45.67,0.0,45.67
Borba - AM,Total,139163.0,767244.0,7092.35,675.3,425.3,1128.2
Borba - AM,Batata-doce,0.0,0.0,0.0,0.0,0.0,1.0
Borba - AM,Limão,32.4,6100.0,51.3,5.3,6.3,0.0
Borba - AM,Guaraná (semente),2.1,348.2,44.2,6.0,6.3,0.0
Borba - AM,Pimenta-do-reino,0.0,0.0,0.0,0.0,3.0,0.0
Borba - AM,Borracha (látex coagulado),2.0,476.33,5.33,4.33,10.0,0.0
Borba - AM,Palmito,0.0,0.0,0.0,0.0,12.0,0.0
Caapiranga - AM,Abacaxi*,238.3,20068.2,435.2,11.7,0.0,14.0
Caapiranga - AM,Açaí,778.0,11266.67,1237.83,70.83,85.17,0.0
Caapiranga - AM,Banana (cacho),505.67,7202.56,926.33,69.0,83.22,0.0
Caapiranga - AM,Coco-da-baía*,14.4,4000.0,21.6,3.6,3.6,0.0
Caapiranga - AM,Laranja,75.33,15895.22,173.44,5.0,5.0,0.0
Caapiranga - AM,Mamão,30.0,15000.0,37.0,2.0,2.0,0.0
Caapiranga - AM,Mandioca,1222.5,9096.2,1253.8,138.3,0.0,159.9
Caapiranga - AM,Maracujá,132.0,15291.67,553.0,7.5,7.5,0.0
Caapiranga - AM,Melancia,339.2,18040.0,597.2,20.0,0.0,20.0
Caapiranga - AM,Milho (em grão),46.33,3744.33,71.0,16.67,0.0,16.67
Caapiranga - AM,Total,28490.0,870134.0,2176.75,168.1,144.2,238.1
Caapiranga - AM,Goiaba,38.1,5658.7,96.0,6.6,7.2,0.0
Caapiranga - AM,Malva (fibra),84.6,1724.0,164.9,46.1,0.0,46.3
Caapiranga - AM,Juta (fibra),29.0,1000.0,49.0,29.0,0.0,29.0
Canutama - AM,Abacaxi*,390.67,21333.33,929.33,18.67,0.0,18.67
Canutama - AM,Açaí,390.0,13000.0,897.0,30.0,30.0,0.0
Canutama - AM,Banana (cacho),179.2,14077.5,376.1,12.5,13.7,0.0
Canutama - AM,Feijão (em grão),14.88,776.5,44.62,18.25,0.0,18.38
Canutama - AM,Mandioca,1708.75,12222.25,1903.0,140.62,0.0,140.62
Canutama - AM,Melancia,647.0,18085.7,1313.1,35.7,0.0,36.1
Canutama - AM,Milho (em grão),206.25,3903.12,330.38,77.88,0.0,78.5
Canutama - AM,Total,28966.0,680302.0,2324.05,169.1,22.3,318.2
Canutama - AM,Arroz (em casca),600.0,3000.0,1020.0,200.0,0.0,200.0
Canutama - AM,Batata-doce,159.9,12618.2,427.1,13.3,0.0,13.4
Canutama - AM,Guaraná (semente),3.5,261.5,63.0,13.5,13.5,0.0
Canutama - AM,Borracha (látex coagulado),4.67,1000.0,40.33,4.67,4.67,0.0
Canutama - AM,Soja (em grão),1375.0,2750.0,1994.0,500.0,0.0,500.0
Canutama - AM,Urucum (semente),7.5,1000.0,15.0,7.5,7.5,0.0
Canutama - AM,Melão,31.0,3000.0,39.33,10.33,0.0,10.33
Carauari - AM,Abacaxi*,192.4,13100.0,293.3,13.7,0.0,13.8
Carauari - AM,Açaí,1194.0,12000.0,1728.0,99.5,129.0,0.0
Carauari - AM,Banana (cacho),357.4,10793.1,386.5,32.8,33.6,0.0
Carauari - AM,Cana-de-açúcar,260.2,33900.0,81.6,7.8,0.0,8.0
Carauari - AM,Feijão (em grão),4.44,1222.22,25.22,4.22,0.0,4.22
Carauari - AM,Laranja,42.8,11400.0,90.6,3.8,3.8,0.0
Carauari - AM,Mamão,14.22,14222.22,25.67,1.0,1.0,0.0
Carauari - AM,Mandioca,7844.0,9612.5,9637.3,812.0,0.0,816.0
Carauari - AM,Maracujá,29.43,13000.0,73.0,2.29,2.29,0.0
Carauari - AM,Melancia,238.4,12388.6,310.6,19.0,0.0,21.3
Carauari - AM,Milho (em grão),55.0,2484.4,56.3,21.1,0.0,21.4
Carauari - AM,Total,95680.0,1312008.0,5884.8,483.5,93.3,893.5
Carauari - AM,Abacate,18.0,6000.0,108.0,3.0,4.0,0.0
Carauari - AM,Arroz (em casca),85.0,1889.0,136.0,45.0,0.0,45.0
Carauari - AM,Batata-doce,114.0,10000.0,223.0,11.5,0.0,11.75
Carauari - AM,Limão,8.38,5916.62,14.12,1.5,1.5,0.0
Carauari - AM,Café (em grão) Total,1.0,1000.0,4.0,1.0,2.0,0.0
Carauari - AM,Café (em grão) Canephora,1.0,1000.0,4.0,1.0,2.0,0.0
Careiro - AM,Abacaxi*,999.4,16637.5,1935.8,57.7,0.0,59.5
Careiro - AM,Açaí,334.67,10666.67,682.0,32.33,35.0,0.0
Careiro - AM,Banana (cacho),2202.4,13700.0,4214.8,160.4,168.1,0.0
Careiro - AM,Coco-da-baía*,146.56,4155.56,165.89,35.78,36.33,0.0
Careiro - AM,Laranja,259.2,10107.8,482.4,22.4,23.2,0.0
Careiro - AM,Mamão,400.7,18276.4,759.2,22.0,22.2,0.0
Careiro - AM,Mandioca,6789.2,10782.9,7260.1,615.6,0.0,630.6
Careiro - AM,Maracujá,311.3,17045.5,1153.8,18.0,18.4,0.0
Careiro - AM,Melancia,2340.2,13818.7,3336.7,202.5,0.0,205.5
Careiro - AM,Milho (em grão),117.0,2234.2,111.0,46.4,0.0,46.6
Careiro - AM,Total,142027.0,1346752.0,10244.05,619.9,289.1,981.8
Careiro - AM,Batata-doce,472.0,12717.56,642.56,36.56,0.0,36.78
Careiro - AM,Goiaba,53.33,5083.33,190.0,12.67,13.33,0.0
Careiro - AM,Limão,56.5,5711.4,96.2,9.7,10.0,0.0
Careiro - AM,Tomate,76.71,9214.29,212.71,9.29,0.0,9.29
Careiro da Várzea - AM,Abacaxi*,4142.5,19003.4,6545.3,209.7,0.0,221.7
Careiro da Várzea - AM,Banana (cacho),776.8,11933.4,1240.3,66.0,70.0,0.0
Careiro da Várzea - AM,Coco-da-baía*,110.75,4429.25,110.25,27.5,33.75,0.0
Careiro da Várzea - AM,Feijão (em grão),93.8,943.8,211.4,101.2,0.0,109.2
Careiro da Várzea - AM,Laranja,526.3,18621.4,791.7,27.3,29.4,0.0
Careiro da Várzea - AM,Mamão,336.9,19320.0,580.5,17.9,18.0,0.0
Careiro da Várzea - AM,Mandioca,1087.1,10826.7,1026.4,99.3,0.0,102.1
Careiro da Várzea - AM,Maracujá,516.5,15643.1,1659.9,33.2,35.7,0.0
Careiro da Várzea - AM,Melancia,585.6,13875.0,761.9,39.0,0.0,40.9
Careiro da Várzea - AM,Total,88620.0,1412172.0,6993.8,316.2,191.1,474.3
Careiro da Várzea - AM,Batata-doce,633.2,12476.5,1006.3,52.0,0.0,52.2
Careiro da Várzea - AM,Goiaba,22.86,7529.86,39.14,3.14,3.29,0.0
Careiro da Várzea - AM,Limão,74.0,5853.0,136.29,12.0,12.71,0.0
Careiro da Várzea - AM,Manga,320.0,5239.0,61.0,61.0,62.5,0.0
Careiro da Várzea - AM,Tangerina,8.0,4000.0,13.25,2.0,2.0,0.0
Careiro da Várzea - AM,Tomate,51.5,8763.83,142.0,4.67,0.0,4.67
Coari - AM,Abacaxi*,407.5,16753.4,897.5,26.0,0.0,28.0
Coari - AM,Açaí,755.0,10688.25,1050.5,67.88,67.88,0.0
Coari - AM,Banana (cacho),1074.5,17366.7,1228.0,66.7,80.0,0.0
Coari - AM,Cacau (em amêndoa),117.6,718.4,507.0,163.6,167.1,0.0
Coari - AM,Cana-de-açúcar,252.14,32765.29,94.71,7.57,0.0,9.43
Coari - AM,Coco-da-baía*,50.0,10000.0,50.0,5.0,5.0,0.0
Coari - AM,Feijão (em grão),29.11,1381.44,55.44,20.22,0.0,20.56
Coari - AM,Laranja,61.75,10383.88,110.62,6.0,8.88,0.0
Coari - AM,Mamão,143.2,19734.8,309.4,7.7,8.9,0.0
Coari - AM,Mandioca,8456.8,10280.5,7066.9,810.9,0.0,870.9
Coari - AM,Maracujá,106.2,13954.2,186.9,8.1,14.9,0.0
Coari - AM,Melancia,925.5,15459.9,965.5,59.2,0.0,61.2
Coari - AM,Milho (em grão),147.4,2855.2,146.1,51.4,0.0,51.4
Coari - AM,Total,129171.0,1654199.0,7119.4,815.15,435.5,1297.5
Coari - AM,Abacate,26.29,3847.57,23.71,6.14,6.71,0.0
Coari - AM,Batata-doce,42.0,14000.0,84.0,3.0,0.0,3.0
Coari - AM,Goiaba,49.89,5777.78,32.56,10.78,15.56,0.0
Coari - AM,Limão,33.3,4850.0,24.9,7.4,9.7,0.0
Coari - AM,Malva (fibra),472.0,1913.4,1209.4,251.0,0.0,251.0
Coari - AM,Café (em grão) Total,24.0,1200.0,72.0,20.0,20.0,0.0
Coari - AM,Café (em grão) Canephora,24.0,1200.0,72.0,20.0,20.0,0.0
Coari - AM,Guaraná (semente),26.6,373.9,501.5,69.9,72.3,0.0
Coari - AM,Tomate,72.88,9036.88,93.0,8.12,0.0,8.88
Coari - AM,Melão,37.0,5900.0,24.25,6.25,0.0,6.25
Codajás - AM,Abacaxi*,300.0,17935.11,744.0,17.22,0.0,21.33
Codajás - AM,Açaí,52924.12,15357.75,93628.25,3576.25,3663.75,0.0
Codajás - AM,Banana (cacho),692.0,16504.1,1159.0,40.8,47.8,0.0
Codajás - AM,Cacau (em amêndoa),12.6,673.3,50.7,18.5,20.2,0.0
Codajás - AM,Cana-de-açúcar,512.5,51250.0,587.5,10.0,0.0,12.5
Codajás - AM,Feijão (em grão),42.5,1100.0,108.5,47.5,0.0,60.0
Codajás - AM,Laranja,43.5,16250.0,84.5,2.5,7.5,0.0
Codajás - AM,Mamão,197.56,19445.11,260.0,9.78,10.44,0.0
Codajás - AM,Mandioca,5086.4,10071.2,7621.6,529.0,0.0,571.0
Codajás - AM,Maracujá,165.2,15150.0,363.9,11.0,12.6,0.0
Codajás - AM,Melancia,1667.78,16698.67,1952.22,101.78,0.0,110.11
Codajás - AM,Milho (em grão),270.0,3000.0,285.0,90.0,0.0,105.0
Codajás - AM,Total,509460.0,1414375.0,44006.35,1906.05,3051.2,922.3
Codajás - AM,Goiaba,74.4,6533.3,118.4,12.6,15.6,0.0
Codajás - AM,Limão,50.38,5727.12,52.88,9.5,10.75,0.0
Codajás - AM,Manga,33.0,3300.0,10.0,10.0,15.0,0.0
Codajás - AM,Malva (fibra),334.44,1759.78,817.11,196.67,0.0,212.22
Codajás - AM,Guaraná (semente),3.33,443.0,55.0,7.33,10.0,0.0
Codajás - AM,Juta (fibra),27.5,1750.0,50.5,17.5,0.0,20.0
Eirunepé - AM,Abacaxi*,349.33,18858.33,1103.56,22.22,0.0,22.22
Eirunepé - AM,Açaí,65.14,12000.0,67.14,5.43,5.43,0.0
Eirunepé - AM,Banana (cacho),2987.7,9525.9,2695.2,277.1,277.1,0.0
Eirunepé - AM,Cana-de-açúcar,6126.9,47289.4,1154.6,133.9,0.0,133.9
Eirunepé - AM,Coco-da-baía*,23.0,4000.0,44.33,5.67,5.67,0.0
Eirunepé - AM,Feijão (em grão),111.4,978.4,315.2,101.1,0.0,101.1
Eirunepé - AM,Laranja,74.56,18148.11,185.89,4.11,4.11,0.0
Eirunepé - AM,Mamão,134.11,21777.78,271.0,7.11,7.11,0.0
Eirunepé - AM,Mandioca,10164.0,9725.6,6636.0,1003.1,0.0,1003.1
Eirunepé - AM,Maracujá,125.5,17450.0,442.25,7.75,7.75,0.0
Eirunepé - AM,Melancia,747.2,10834.2,992.4,75.8,0.0,75.8
Eirunepé - AM,Milho (em grão),378.8,2159.8,402.9,159.7,0.0,159.7
Eirunepé - AM,Total,217901.0,1893852.0,7576.85,940.6,320.7,1560.5
Eirunepé - AM,Abacate,191.38,8634.62,387.75,16.62,16.62,0.0
Eirunepé - AM,Arroz (em casca),72.88,2270.88,99.0,35.38,0.0,35.38
Eirunepé - AM,Batata-doce,383.78,9622.22,570.33,39.78,0.0,39.78
Eirunepé - AM,Limão,16.22,4629.67,49.33,3.33,3.33,0.0
Eirunepé - AM,Tangerina,4.0,4000.0,6.0,1.0,1.0,0.0
Eirunepé - AM,Tomate,50.75,15750.0,317.75,3.25,0.0,3.25
Eirunepé - AM,Borracha (látex coagulado),79.0,3950.0,198.0,20.0,20.0,0.0
Eirunepé - AM,Melão,13.0,3400.0,44.25,3.75,0.0,3.75
Envira - AM,Abacaxi*,142.33,13537.0,443.33,9.5,0.0,9.5
Envira - AM,Açaí,101.0,11500.0,114.25,8.75,8.75,0.0
Envira - AM,Banana (cacho),1939.0,12714.3,3064.1,151.0,151.0,0.0
Envira - AM,Cana-de-açúcar,907.14,32714.29,280.86,25.71,0.0,25.71
Envira - AM,Coco-da-baía*,45.89,5373.56,63.22,8.67,9.33,0.0
Envira - AM,Feijão (em grão),58.6,808.9,224.5,74.6,0.0,74.6
Envira - AM,Laranja,47.8,9996.7,127.3,4.2,4.3,0.0
Envira - AM,Mamão,41.3,18025.0,101.7,2.4,2.6,0.0
Envira - AM,Mandioca,10653.9,11601.5,11030.6,917.6,0.0,917.6
Envira - AM,Maracujá,31.6,19600.0,115.8,1.6,1.6,0.0
Envira - AM,Melancia,969.0,11877.8,1332.3,87.0,0.0,87.0
Envira - AM,Milho (em grão),729.4,2091.6,992.5,351.5,0.0,351.5
Envira - AM,Total,158752.0,1512584.0,9388.4,906.3,207.3,1608.1
Envira - AM,Abacate,27.5,2875.0,76.75,10.12,10.38,0.0
Envira - AM,Arroz (em casca),270.2,1986.7,494.8,136.1,0.0,136.1
Envira - AM,Batata-doce,301.5,13500.0,629.5,22.0,0.0,22.0
Envira - AM,Limão,11.1,6600.0,41.2,1.7,1.7,0.0
Envira - AM,Tangerina,3.0,3000.0,14.0,1.0,1.0,0.0
Envira - AM,Café (em grão) Arábica,11.0,1222.0,110.0,9.0,19.0,0.0
Envira - AM,Café (em grão) Total,35.75,1206.75,148.38,29.75,31.88,0.0
Envira - AM,Café (em grão) Canephora,39.29,1204.57,153.86,32.71,33.71,0.0
Envira - AM,Urucum (semente),5.0,1667.0,17.0,3.0,3.0,0.0
Fonte Boa - AM,Abacaxi*,101.9,17831.7,105.1,5.8,0.0,6.1
Fonte Boa - AM,Açaí,166.75,12299.88,257.5,14.75,15.5,0.0
Fonte Boa - AM,Banana (cacho),396.4,12158.7,717.0,33.2,34.1,0.0
Fonte Boa - AM,Cacau (em amêndoa),61.9,405.2,287.4,147.2,149.6,0.0
Fonte Boa - AM,Cana-de-açúcar,105.0,35000.0,32.0,3.0,0.0,3.0
Fonte Boa - AM,Coco-da-baía*,3.0,3000.0,4.0,1.0,1.0,0.0
Fonte Boa - AM,Feijão (em grão),24.33,1140.67,72.33,21.33,0.0,21.33
Fonte Boa - AM,Laranja,138.0,17250.0,380.0,8.0,8.0,0.0
Fonte Boa - AM,Mamão,53.78,18046.22,103.22,3.11,3.22,0.0
Fonte Boa - AM,Mandioca,1515.3,11271.8,1869.9,135.4,0.0,143.6
Fonte Boa - AM,Maracujá,76.5,21875.0,221.0,3.5,3.5,0.0
Fonte Boa - AM,Melancia,836.8,19297.0,1139.4,43.4,0.0,44.7
Fonte Boa - AM,Milho (em grão),65.0,2638.67,67.0,26.33,0.0,42.67
Fonte Boa - AM,Total,32218.0,1118364.0,2314.05,201.2,205.9,215.2
Fonte Boa - AM,Batata-doce,66.0,14500.0,66.0,4.5,0.0,4.5
Fonte Boa - AM,Goiaba,20.0,10000.0,10.0,2.0,2.0,0.0
Fonte Boa - AM,Limão,18.0,5125.0,36.0,3.5,3.5,0.0
Fonte Boa - AM,Manga,75.5,5033.5,57.0,15.0,15.0,0.0
Fonte Boa - AM,Tangerina,4.0,4000.0,10.5,1.0,1.0,0.0
Fonte Boa - AM,Pimenta-do-reino,2.0,2000.0,7.5,1.0,1.0,0.0
Fonte Boa - AM,Tomate,12.0,12000.0,48.0,1.0,0.0,1.0
Fonte Boa - AM,Urucum (semente),4.0,2000.0,4.0,2.0,2.0,0.0
Guajará - AM,Abacaxi*,93.2,18400.0,255.2,4.8,0.0,4.8
Guajará - AM,Banana (cacho),135.5,9334.8,130.0,11.9,14.4,0.0
Guajará - AM,Cana-de-açúcar,323.0,40214.25,125.5,8.0,0.0,8.0
Guajará - AM,Feijão (em grão),53.6,866.3,95.5,56.7,0.0,56.9
Guajará - AM,Laranja,16.67,8666.67,42.0,1.67,2.33,0.0
Guajará - AM,Mamão,42.6,20050.0,80.4,2.0,2.4,0.0
Guajará - AM,Mandioca,7555.8,11343.1,6866.2,662.1,0.0,668.4
Guajará - AM,Maracujá,40.0,10000.0,180.0,4.0,4.0,0.0
Guajará - AM,Melancia,397.0,16320.4,552.1,23.3,0.0,24.5
Guajará - AM,Milho (em grão),262.22,2490.67,241.44,96.0,0.0,97.0
Guajará - AM,Total,88034.0,920005.0,4196.2,463.7,19.0,923.2
Guajará - AM,Abacate,7.71,6428.57,35.86,1.14,1.29,0.0
Guajará - AM,Arroz (em casca),202.5,2533.6,226.1,76.4,0.0,79.2
Guajará - AM,Batata-doce,14.6,9200.0,43.4,2.0,0.0,2.6
Guajará - AM,Manga,11.0,2750.0,6.5,4.0,4.0,0.0
Guajará - AM,Café (em grão) Arábica,5.0,2000.0,42.5,2.5,3.0,0.0
Guajará - AM,Café (em grão) Total,5.0,2000.0,42.5,2.5,3.0,0.0
Humaitá - AM,Abacaxi*,732.22,19567.89,1252.78,36.89,0.0,37.78
Humaitá - AM,Açaí,3358.75,12343.5,7667.88,269.62,275.88,0.0
Humaitá - AM,Banana (cacho),2668.0,13961.9,4934.0,205.0,205.2,0.0
Humaitá - AM,Cacau (em amêndoa),33.6,826.8,138.2,32.2,33.4,0.0
Humaitá - AM,Cana-de-açúcar,734.44,48444.44,311.22,15.22,0.0,15.33
Humaitá - AM,Coco-da-baía*,24.11,4022.22,27.11,6.0,6.11,0.0
Humaitá - AM,Feijão (em grão),48.11,988.67,110.22,49.78,0.0,49.78
Humaitá - AM,Laranja,100.11,11919.33,209.22,7.89,8.0,0.0
Humaitá - AM,Mamão,192.56,20759.89,453.56,8.89,9.33,0.0
Humaitá - AM,Mandioca,38878.0,11603.3,40392.2,3454.9,0.0,3454.9
Humaitá - AM,Maracujá,55.0,17814.78,147.33,3.11,3.22,0.0
Humaitá - AM,Melancia,1559.0,15274.2,1961.3,101.8,0.0,103.0
Humaitá - AM,Milho (em grão),389.62,2392.0,253.25,174.5,0.0,178.75
Humaitá - AM,Total,544817.0,1784123.0,33313.95,3327.65,531.0,6238.1
Humaitá - AM,Abacate,9.0,9000.0,36.0,1.0,1.0,0.0
Humaitá - AM,Arroz (em casca),1293.56,2618.22,2085.44,433.56,0.0,545.44
Humaitá - AM,Limão,60.33,6277.78,138.67,9.22,9.22,0.0
Humaitá - AM,Café (em grão) Arábica,20.67,1377.11,72.44,15.11,15.67,0.0
Humaitá - AM,Café (em grão) Total,36.2,1375.8,222.0,26.6,27.1,0.0
Humaitá - AM,Café (em grão) Canephora,88.0,1400.0,784.0,65.0,65.0,0.0
Humaitá - AM,Guaraná (semente),8.67,257.67,200.0,34.33,34.33,0.0
Humaitá - AM,Pimenta-do-reino,3.0,3000.0,24.0,1.0,1.0,0.0
Humaitá - AM,Borracha (látex coagulado),15.0,1000.0,48.0,15.0,15.0,0.0
Humaitá - AM,Soja (em grão),10700.0,2826.6,16620.0,3907.4,0.0,3907.4
Humaitá - AM,Urucum (semente),3.0,1000.0,5.0,3.0,3.0,0.0
Ipixuna - AM,Abacaxi*,60.56,13722.22,144.33,4.33,0.0,4.33
Ipixuna - AM,Banana (cacho),201.2,9796.2,211.3,19.1,20.6,0.0
Ipixuna - AM,Cacau (em amêndoa),21.0,420.0,84.0,50.0,50.0,0.0
Ipixuna - AM,Cana-de-açúcar,776.7,36047.3,481.3,21.8,0.0,22.2
Ipixuna - AM,Feijão (em grão),16.9,901.0,74.0,17.6,0.0,17.6
Ipixuna - AM,Mamão,165.38,13666.75,454.12,10.62,10.62,0.0
Ipixuna - AM,Mandioca,1283.7,9160.8,1465.7,144.9,0.0,157.2
Ipixuna - AM,Melancia,85.5,11317.0,132.88,7.62,0.0,7.62
Ipixuna - AM,Milho (em grão),158.89,2849.56,216.33,57.11,0.0,59.56
Ipixuna - AM,Total,27898.0,953364.0,1628.05,159.5,37.4,301.8
Ipixuna - AM,Abacate,11.5,3250.0,34.5,3.0,3.0,0.0
Ipixuna - AM,Arroz (em casca),105.8,2700.0,207.3,38.8,0.0,40.9
Ipixuna - AM,Batata-doce,12.0,4000.0,34.0,3.0,0.0,3.0
Ipixuna - AM,Limão,14.0,7000.0,28.0,2.0,2.0,0.0
Ipixuna - AM,Borracha (látex coagulado),3.0,375.0,8.0,8.0,25.0,0.0
Iranduba - AM,Abacaxi*,174.7,18452.9,311.5,9.5,0.0,9.6
Iranduba - AM,Banana (cacho),1585.9,19038.9,2687.0,91.9,93.8,0.0
Iranduba - AM,Cana-de-açúcar,49.0,1581.0,12.0,31.0,0.0,31.0
Iranduba - AM,Coco-da-baía*,262.5,4354.6,296.8,66.5,68.7,0.0
Iranduba - AM,Feijão (em grão),14.0,1078.5,31.0,14.0,0.0,14.0
Iranduba - AM,Laranja,2320.2,19156.9,4221.4,122.6,122.8,0.0
Iranduba - AM,Mamão,2264.7,23758.8,3329.7,97.5,98.0,0.0
Iranduba - AM,Mandioca,2635.0,10480.8,2941.9,241.2,0.0,241.3
Iranduba - AM,Maracujá,1953.3,17348.7,4769.8,106.1,107.5,0.0
Iranduba - AM,Melancia,4337.2,18763.8,5827.5,221.4,0.0,223.4
Iranduba - AM,Milho (em grão),130.8,2033.4,104.8,65.2,0.0,65.2
Iranduba - AM,Total,167346.0,1667556.0,13322.0,575.85,612.6,549.9
Iranduba - AM,Abacate,6.0,6000.0,12.4,1.0,1.0,0.0
Iranduba - AM,Batata-doce,367.5,12285.5,688.0,28.2,0.0,28.3
Iranduba - AM,Goiaba,32.5,6833.33,136.83,4.67,4.67,0.0
Iranduba - AM,Limão,652.1,6578.0,1262.9,100.6,102.3,0.0
Iranduba - AM,Tangerina,64.0,4428.4,111.1,14.4,14.7,0.0
Iranduba - AM,Malva (fibra),20.2,1468.8,34.0,15.6,0.0,15.6
Iranduba - AM,Guaraná (semente),2.0,167.0,10.0,12.0,15.0,0.0
Iranduba - AM,Tomate,57.5,14083.5,150.5,4.0,0.0,4.0
Iranduba - AM,Juta (fibra),1.0,500.0,2.0,2.0,0.0,2.0
Itacoatiara - AM,Abacaxi*,48073.5,27478.0,111720.2,1893.6,0.0,1912.6
Itacoatiara - AM,Açaí,618.5,10500.0,1279.5,58.25,58.25,0.0
Itacoatiara - AM,Banana (cacho),2915.78,15724.22,10549.22,170.89,171.44,0.0
Itacoatiara - AM,Cacau (em amêndoa),13.86,520.86,76.71,26.57,28.71,0.0
Itacoatiara - AM,Coco-da-baía*,487.56,4444.44,740.67,116.78,117.22,0.0
Itacoatiara - AM,Feijão (em grão),280.88,794.25,682.88,350.0,0.0,356.62
Itacoatiara - AM,Laranja,2456.44,17577.0,5414.11,139.11,139.11,0.0
Itacoatiara - AM,Mamão,996.56,19918.11,3595.78,47.22,47.22,0.0
Itacoatiara - AM,Mandioca,12176.78,12206.89,13522.67,996.0,0.0,996.0
Itacoatiara - AM,Maracujá,2777.11,19713.78,9737.78,140.33,142.56,0.0
Itacoatiara - AM,Melancia,2828.44,18638.33,5574.78,148.33,0.0,149.22
Itacoatiara - AM,Milho (em grão),450.56,2391.67,312.78,182.89,0.0,183.22
Itacoatiara - AM,Total,718974.0,1645091.0,84481.68,2255.53,955.0,3471.1
Itacoatiara - AM,Abacate,75.6,5300.0,425.2,11.4,11.4,0.0
Itacoatiara - AM,Arroz (em casca),6.0,3000.0,9.0,2.0,0.0,2.0
Itacoatiara - AM,Batata-doce,171.8,14541.6,524.0,15.8,0.0,15.8
Itacoatiara - AM,Goiaba,275.25,8268.5,1131.0,32.38,32.88,0.0
Itacoatiara - AM,Limão,256.89,4564.11,848.33,48.78,49.89,0.0
Itacoatiara - AM,Tangerina,44.75,3238.0,86.62,14.25,14.75,0.0
Itacoatiara - AM,Malva (fibra),93.67,1569.5,159.0,62.83,0.0,71.5
Itacoatiara - AM,Café (em grão) Arábica,3.0,1013.83,10.33,3.0,3.17,0.0
Itacoatiara - AM,Café (em grão) Total,4.89,1088.56,20.67,4.33,4.44,0.0
Itacoatiara - AM,Café (em grão) Canephora,8.67,1238.0,41.33,7.0,7.0,0.0
Itacoatiara - AM,Guaraná (semente),33.33,211.44,777.22,152.56,152.56,0.0
Itacoatiara - AM,Pimenta-do-reino,6.0,2000.0,60.0,3.0,3.0,0.0
Itacoatiara - AM,Tomate,18.0,8000.0,38.0,2.25,0.0,2.5
Itacoatiara - AM,Juta (fibra),45.8,1106.6,78.8,44.2,0.0,50.8
Itacoatiara - AM,Borracha (látex coagulado),24.44,888.56,81.22,26.56,31.89,0.0
Itacoatiara - AM,Urucum (semente),4.0,1000.0,14.0,4.0,4.0,0.0
Itacoatiara - AM,Melão,4.0,2000.0,5.0,2.0,0.0,2.0
Itamarati - AM,Abacaxi*,33.0,13444.44,87.33,2.44,0.0,2.44
Itamarati - AM,Açaí,120.0,10000.0,200.67,13.33,14.33,0.0
Itamarati - AM,Banana (cacho),233.4,11400.0,237.4,20.2,21.2,0.0
Itamarati - AM,Cana-de-açúcar,140.56,33666.67,35.44,4.22,0.0,4.22
Itamarati - AM,Feijão (em grão),5.29,957.14,12.43,5.57,0.0,5.57
Itamarati - AM,Laranja,30.5,16050.0,44.2,1.9,2.0,0.0
Itamarati - AM,Mamão,79.38,21250.0,147.5,3.75,3.75,0.0
Itamarati - AM,Mandioca,2398.57,12142.86,3109.0,198.57,0.0,227.14
Itamarati - AM,Maracujá,20.0,10000.0,22.0,2.0,2.0,0.0
Itamarati - AM,Melancia,308.56,15982.44,480.89,20.11,0.0,20.89
Itamarati - AM,Milho (em grão),54.17,2083.33,78.17,25.0,0.0,25.0
Itamarati - AM,Total,26787.0,1350711.0,1771.75,115.75,36.7,217.0
Itamarati - AM,Abacate,9.4,3566.9,11.0,2.6,2.6,0.0
Itamarati - AM,Batata-doce,122.4,12000.0,194.1,10.2,0.0,10.2
Itamarati - AM,Limão,40.0,5600.0,124.8,6.8,6.8,0.0
Itamarati - AM,Melão,41.33,3500.0,129.33,13.33,0.0,13.67
Itapiranga - AM,Abacaxi*,91.9,17750.0,226.8,5.1,0.0,12.5
Itapiranga - AM,Banana (cacho),381.6,12447.6,823.9,41.2,70.5,0.0
Itapiranga - AM,Cacau (em amêndoa),6.6,358.5,31.6,19.2,19.2,0.0
Itapiranga - AM,Coco-da-baía*,21.4,4750.0,32.2,4.7,4.7,0.0
Itapiranga - AM,Feijão (em grão),25.33,1266.67,73.33,20.0,0.0,20.0
Itapiranga - AM,Laranja,87.78,19333.33,195.22,4.56,4.89,0.0
Itapiranga - AM,Mamão,51.4,20800.0,138.7,2.4,2.9,0.0
Itapiranga - AM,Mandioca,5916.0,12000.0,8530.8,493.0,0.0,509.0
Itapiranga - AM,Maracujá,116.0,15500.0,344.7,7.6,7.6,0.0
Itapiranga - AM,Melancia,276.0,20400.0,434.2,13.4,0.0,13.8
Itapiranga - AM,Milho (em grão),90.0,3000.0,68.0,30.0,0.0,30.0
Itapiranga - AM,Total,69838.0,1311361.0,5402.1,303.75,110.9,550.6
Itapiranga - AM,Batata-doce,14.33,14333.33,44.0,1.0,0.0,1.0
Itapiranga - AM,Goiaba,10.0,10000.0,40.0,1.0,1.0,0.0
Itapiranga - AM,Limão,3.8,2950.0,5.9,1.3,1.4,0.0
Itapiranga - AM,Café (em grão) Total,1.0,1000.0,1.0,1.0,1.0,0.0
Itapiranga - AM,Café (em grão) Canephora,1.0,1000.0,1.0,1.0,1.0,0.0
Japurá - AM,Abacaxi*,83.0,20008.3,161.4,4.2,0.0,4.5
Japurá - AM,Açaí,130.12,12256.25,160.0,10.62,11.25,0.0
Japurá - AM,Banana (cacho),713.3,14069.2,1238.3,50.4,51.9,0.0
Japurá - AM,Cana-de-açúcar,151.0,50333.5,68.0,3.0,0.0,3.0
Japurá - AM,Coco-da-baía*,6.7,3483.4,6.9,1.9,2.1,0.0
Japurá - AM,Feijão (em grão),2.0,1000.0,4.0,2.0,0.0,3.0
Japurá - AM,Laranja,20.4,13500.0,36.0,1.7,1.8,0.0
Japurá - AM,Mamão,79.0,14400.0,190.0,5.5,5.5,0.0
Japurá - AM,Mandioca,2894.6,10658.6,2821.8,256.2,0.0,264.1
Japurá - AM,Maracujá,31.0,15500.0,49.0,2.0,2.5,0.0
Japurá - AM,Melancia,339.5,17364.4,414.7,19.9,0.0,20.5
Japurá - AM,Milho (em grão),19.0,2300.0,15.0,8.33,0.0,8.33
Japurá - AM,Total,42384.0,1150922.0,2450.35,175.1,70.4,292.8
Japurá - AM,Goiaba,13.0,5166.5,26.0,2.5,2.5,0.0
Japurá - AM,Limão,15.9,8233.3,21.7,1.9,3.5,0.0
Juruá - AM,Abacaxi*,24.9,11375.0,51.6,2.3,0.0,2.4
Juruá - AM,Banana (cacho),198.2,10743.6,387.9,23.7,23.9,0.0
Juruá - AM,Mandioca,1120.3,12083.0,1378.5,92.8,0.0,97.2
Juruá - AM,Melancia,273.7,11645.3,328.7,22.8,0.0,24.1
Juruá - AM,Milho (em grão),20.5,2936.7,16.7,7.3,0.0,8.9
Juruá - AM,Total,16560.0,592836.0,1097.6,75.55,24.7,134.7
Juruá - AM,Abacate,14.0,3500.0,26.5,4.0,4.0,0.0
Juruá - AM,Batata-doce,17.33,10888.89,29.44,1.56,0.0,2.33
Jutaí - AM,Abacaxi*,168.1,16463.3,264.5,10.3,0.0,10.6
Jutaí - AM,Açaí,185.88,14274.12,258.38,13.12,13.38,0.0
Jutaí - AM,Banana (cacho),1275.6,10558.4,1583.7,119.5,120.6,0.0
Jutaí - AM,Cacau (em amêndoa),45.5,406.9,191.2,113.3,118.8,0.0
Jutaí - AM,Cana-de-açúcar,433.5,39433.5,118.5,11.0,0.0,11.0
Jutaí - AM,Coco-da-baía*,23.0,3833.0,19.0,6.0,6.0,0.0
Jutaí - AM,Feijão (em grão),16.7,803.8,50.2,20.2,0.0,20.9
Jutaí - AM,Laranja,128.67,20666.67,268.0,6.33,6.67,0.0
Jutaí - AM,Mamão,146.12,23067.25,177.12,6.25,6.38,0.0
Jutaí - AM,Mandioca,10022.2,11105.4,9113.7,901.6,0.0,922.2
Jutaí - AM,Maracujá,173.33,20555.33,290.0,8.33,8.33,0.0
Jutaí - AM,Melancia,670.6,16053.2,877.2,41.8,0.0,43.1
Jutaí - AM,Milho (em grão),430.67,2639.67,334.0,174.67,0.0,175.0
Jutaí - AM,Total,129293.0,1171629.0,6458.25,672.3,271.0,1106.0
Jutaí - AM,Arroz (em casca),134.75,2256.25,162.25,61.25,0.0,62.5
Jutaí - AM,Batata-doce,87.5,15916.5,79.5,5.5,0.0,5.5
Jutaí - AM,Limão,25.33,6889.0,38.33,3.67,4.0,0.0
Jutaí - AM,Tangerina,4.5,4500.0,5.0,1.0,1.0,0.0
Jutaí - AM,Tomate,24.0,12000.0,101.0,2.0,0.0,2.0
Jutaí - AM,Borracha (látex coagulado),29.0,1174.0,22.0,25.0,29.0,0.0
Jutaí - AM,Melão,45.0,2899.0,88.0,15.5,0.0,16.0
Lábrea - AM,Abacaxi*,215.0,20200.0,615.62,10.0,0.0,10.0
Lábrea - AM,Açaí,323.67,10600.0,508.0,31.0,33.5,0.0
Lábrea - AM,Banana (cacho),1683.89,14790.78,3156.56,121.89,121.89,0.0
Lábrea - AM,Cana-de-açúcar,50.0,20000.0,90.0,2.5,0.0,2.5
Lábrea - AM,Feijão (em grão),286.89,1053.33,513.89,262.44,0.0,275.56
Lábrea - AM,Laranja,20.0,20000.0,40.0,1.0,1.0,0.0
Lábrea - AM,Mamão,100.0,25000.0,175.0,4.0,4.0,0.0
Lábrea - AM,Mandioca,9397.2,11613.2,10885.5,798.9,0.0,817.8
Lábrea - AM,Maracujá,50.0,17666.67,150.0,2.67,3.0,0.0
Lábrea - AM,Melancia,1010.6,16989.4,1571.2,54.4,0.0,68.0
Lábrea - AM,Milho (em grão),234.5,2429.6,185.1,118.5,0.0,125.2
Lábrea - AM,Total,123484.0,777314.0,8052.35,661.85,132.1,1237.4
Lábrea - AM,Arroz (em casca),12.0,1714.0,19.67,7.0,0.0,7.0
Lábrea - AM,Batata-doce,134.0,14000.0,229.5,9.0,0.0,9.0
Lábrea - AM,Limão,13.67,4333.33,38.33,3.0,3.0,0.0
Manacapuru - AM,Abacaxi*,261.8,21919.4,495.4,12.2,0.0,13.6
Manacapuru - AM,Açaí,389.0,11511.86,669.29,33.43,52.0,0.0
Manacapuru - AM,Banana (cacho),4689.6,15245.2,5612.3,358.3,363.1,0.0
Manacapuru - AM,Cacau (em amêndoa),24.0,5000.0,93.67,30.67,32.33,0.0
Manacapuru - AM,Coco-da-baía*,108.33,5618.67,108.33,19.33,19.33,0.0
Manacapuru - AM,Feijão (em grão),153.5,1598.75,358.0,81.0,0.0,81.75
Manacapuru - AM,Laranja,5660.2,20121.2,13092.3,291.0,307.0,0.0
Manacapuru - AM,Mamão,10581.2,22692.9,25709.0,463.0,463.0,0.0
Manacapuru - AM,Mandioca,157323.4,11698.7,177057.9,13296.9,0.0,13884.8
Manacapuru - AM,Maracujá,7153.6,19292.5,22250.2,358.0,359.5,0.0
Manacapuru - AM,Melancia,4329.75,14890.88,5989.12,283.62,0.0,289.88
Manacapuru - AM,Milho (em grão),1101.4,2799.6,974.2,392.2,0.0,611.2
Manacapuru - AM,Total,1918929.0,1581901.0,127147.45,8142.1,1644.5,15382.1
Manacapuru - AM,Abacate,4.0,4000.0,10.0,1.0,1.0,0.0
Manacapuru - AM,Batata-doce,274.67,15259.33,360.67,18.0,0.0,18.0
Manacapuru - AM,Goiaba,366.0,8960.4,682.4,45.0,46.0,0.0
Manacapuru - AM,Limão,314.71,6228.57,873.71,52.0,53.86,0.0
Manacapuru - AM,Manga,120.0,6000.0,42.0,20.0,20.0,0.0
Manacapuru - AM,Tangerina,54.0,4471.5,114.5,12.0,12.5,0.0
Manacapuru - AM,Malva (fibra),1696.2,1181.2,3847.6,1417.6,0.0,1417.6
Manacapuru - AM,Guaraná (semente),5.0,433.56,139.11,10.67,10.78,0.0
Manacapuru - AM,Juta (fibra),557.4,1302.0,1287.2,398.6,0.0,398.6
Manaquiri - AM,Abacaxi*,123.6,15216.6,252.6,9.2,0.0,9.2
Manaquiri - AM,Banana (cacho),1065.7,15228.0,2229.2,75.0,75.0,0.0
Manaquiri - AM,Coco-da-baía*,33.8,5512.5,40.0,6.1,6.1,0.0
Manaquiri - AM,Feijão (em grão),30.0,811.0,75.0,37.0,0.0,37.0
Manaquiri - AM,Laranja,1464.0,18159.0,2862.8,81.3,81.9,0.0
Manaquiri - AM,Mamão,178.6,21747.2,454.6,8.2,8.2,0.0
Manaquiri - AM,Mandioca,7958.2,10949.4,7470.8,748.1,0.0,753.4
Manaquiri - AM,Maracujá,331.4,14749.9,1104.9,24.4,27.0,0.0
Manaquiri - AM,Melancia,1054.33,14299.5,1367.83,75.17,0.0,75.17
Manaquiri - AM,Milho (em grão),156.44,2966.33,139.78,52.89,0.0,52.89
Manaquiri - AM,Total,145907.0,1378398.0,10598.0,676.6,211.9,1149.8
Manaquiri - AM,Batata-doce,2386.9,12718.2,5289.8,186.8,0.0,186.8
Manaquiri - AM,Limão,61.9,6260.0,163.2,10.0,10.0,0.0
Manaquiri - AM,Tangerina,14.6,3950.0,24.4,3.7,3.7,0.0
Manaquiri - AM,Malva (fibra),193.0,1888.5,342.4,102.0,0.0,102.0
Manaquiri - AM,Juta (fibra),26.0,1300.0,73.0,20.0,0.0,20.0
Manaus - AM,Abacaxi*,587.9,19146.8,1152.7,31.9,0.0,37.3
Manaus - AM,Açaí,441.0,10770.5,844.0,43.0,43.5,0.0
Manaus - AM,Banana (cacho),503.2,12950.0,930.9,39.4,48.0,0.0
Manaus - AM,Coco-da-baía*,631.3,4354.5,909.3,134.7,164.4,0.0
Manaus - AM,Feijão (em grão),13.0,867.0,33.0,15.0,0.0,15.0
Manaus - AM,Laranja,2611.8,19326.6,5252.8,132.5,150.8,0.0
Manaus - AM,Mamão,575.0,23442.5,1447.0,25.0,25.7,0.0
Manaus - AM,Mandioca,1869.2,12200.0,1675.8,153.6,0.0,156.0
Manaus - AM,Maracujá,658.0,19402.5,2019.1,34.7,36.4,0.0
Manaus - AM,Melancia,1525.11,20339.67,2027.89,74.56,0.0,75.11
Manaus - AM,Milho (em grão),58.5,3000.0,96.0,19.5,0.0,20.0
Manaus - AM,Total,82764.0,1403829.0,7555.35,300.25,477.5,192.9
Manaus - AM,Arroz (em casca),10.0,2000.0,10.0,5.0,0.0,5.0
Manaus - AM,Limão,165.5,6918.8,293.2,23.1,25.9,0.0
Manaus - AM,Manga,38.5,4528.0,14.5,8.5,9.5,0.0
Manaus - AM,Tangerina,29.67,4150.0,66.11,7.33,7.78,0.0
Manicoré - AM,Abacaxi*,177.0,16000.0,286.5,10.5,0.0,11.5
Manicoré - AM,Açaí,710.0,10000.0,1212.0,71.0,71.0,0.0
Manicoré - AM,Banana (cacho),23219.0,16452.0,46609.0,1403.0,1675.0,0.0
Manicoré - AM,Cacau (em amêndoa),80.3,472.9,397.0,167.5,274.2,0.0
Manicoré - AM,Cana-de-açúcar,97.5,48750.0,39.0,2.0,0.0,2.0
Manicoré - AM,Coco-da-baía*,41.25,3574.88,58.75,10.88,13.12,0.0
Manicoré - AM,Laranja,311.4,15207.8,671.1,20.7,24.0,0.0
Manicoré - AM,Mamão,45.75,24062.5,74.88,1.88,1.88,0.0
Manicoré - AM,Mandioca,83400.0,12114.1,69900.0,6888.0,0.0,6938.0
Manicoré - AM,Maracujá,168.0,16116.5,505.88,9.88,11.0,0.0
Manicoré - AM,Melancia,8677.0,11326.4,8976.2,701.3,0.0,703.3
Manicoré - AM,Total,1162682.0,1156495.0,63800.2,4638.75,2082.9,7644.0
Manicoré - AM,Limão,7.0,3500.0,15.38,2.0,2.0,0.0
Manicoré - AM,Tangerina,24.5,3566.5,35.38,6.62,6.88,0.0
Manicoré - AM,Café (em grão) Total,75.5,1229.12,210.0,55.38,69.12,0.0
Manicoré - AM,Café (em grão) Canephora,75.5,1229.12,210.0,55.38,69.12,0.0
Manicoré - AM,Dendê (cacho de coco),150.0,10000.0,52.5,15.0,15.0,0.0
Manicoré - AM,Borracha (látex coagulado),4.38,504.25,11.0,9.88,11.0,0.0
Manicoré - AM,Urucum (semente),1.0,1000.0,1.0,1.0,2.5,0.0
Maraã - AM,Abacaxi*,143.25,13138.0,289.0,10.75,0.0,11.0
Maraã - AM,Açaí,289.0,15631.5,289.0,18.5,18.5,0.0
Maraã - AM,Banana (cacho),621.2,17658.3,973.4,38.7,39.0,0.0
Maraã - AM,Cacau (em amêndoa),11.5,262.0,47.0,44.0,44.5,0.0
Maraã - AM,Coco-da-baía*,6.5,4250.0,6.5,1.5,1.5,0.0
Maraã - AM,Feijão (em grão),27.0,948.0,57.0,28.5,0.0,29.0
Maraã - AM,Laranja,21.0,21000.0,29.83,1.0,1.0,0.0
Maraã - AM,Mamão,165.5,25500.0,239.5,6.5,7.5,0.0
Maraã - AM,Mandioca,9571.6,11721.2,7733.9,877.3,0.0,903.1
Maraã - AM,Maracujá,87.5,19500.0,219.0,4.5,4.5,0.0
Maraã - AM,Melancia,282.2,19948.0,372.7,14.6,0.0,15.0
Maraã - AM,Milho (em grão),113.5,2139.0,118.25,59.5,0.0,59.5
Maraã - AM,Total,107302.0,924732.0,4747.55,491.85,58.2,952.9
Maraã - AM,Abacate,6.33,3263.83,8.17,2.33,3.0,0.0
Maraã - AM,Limão,9.75,6010.38,20.88,1.88,1.88,0.0
Maraã - AM,Tomate,24.5,16250.0,55.5,1.5,0.0,1.5
Maraã - AM,Batata-inglesa,60.0,12000.0,300.0,5.0,0.0,5.0
Maués - AM,Abacaxi*,294.5,17080.3,525.6,16.4,0.0,18.1
Maués - AM,Banana (cacho),928.6,12989.3,1365.0,73.5,80.2,0.0
Maués - AM,Cacau (em amêndoa),1.0,200.0,4.0,5.0,5.0,0.0
Maués - AM,Cana-de-açúcar,1371.6,46087.5,463.6,28.6,0.0,28.9
Maués - AM,Coco-da-baía*,31.4,3930.0,25.0,8.0,9.6,0.0
Maués - AM,Feijão (em grão),25.5,806.5,61.5,31.5,0.0,21.33
Maués - AM,Laranja,170.4,15175.0,348.4,11.2,11.6,0.0
Maués - AM,Mamão,99.7,17300.1,180.9,5.8,5.8,0.0
Maués - AM,Mandioca,21889.8,11750.1,13248.4,1853.5,0.0,1895.0
Maués - AM,Maracujá,109.33,14874.11,300.78,7.44,7.89,0.0
Maués - AM,Melancia,598.8,16900.0,588.1,33.6,0.0,44.1
Maués - AM,Milho (em grão),101.25,2317.62,74.0,41.12,0.0,36.67
Maués - AM,Total,259526.0,1652226.0,12478.25,2291.7,2656.0,2030.1
Maués - AM,Arroz (em casca),24.0,1650.0,25.5,14.0,0.0,9.67
Maués - AM,Batata-doce,66.33,11044.33,61.33,5.33,0.0,4.25
Maués - AM,Limão,32.7,4095.6,64.6,7.6,8.3,0.0
Maués - AM,Tangerina,16.5,3600.0,17.5,4.5,4.5,0.0
Maués - AM,Guaraná (semente),322.5,129.3,7777.3,2493.5,2532.0,0.0
Nhamundá - AM,Abacaxi*,38.1,11500.0,67.5,3.3,0.0,3.6
Nhamundá - AM,Banana (cacho),122.38,11929.5,202.5,9.62,10.62,0.0
Nhamundá - AM,Cana-de-açúcar,351.5,47850.0,146.4,7.6,0.0,7.7
Nhamundá - AM,Coco-da-baía*,6.3,3850.0,3.4,1.6,1.6,0.0
Nhamundá - AM,Feijão (em grão),6.1,902.1,12.5,7.2,0.0,7.5
Nhamundá - AM,Laranja,58.22,9928.56,103.56,5.78,6.11,0.0
Nhamundá - AM,Mamão,61.7,16740.0,107.6,3.6,3.7,0.0
Nhamundá - AM,Mandioca,6425.4,9916.0,5416.8,665.8,0.0,675.8
Nhamundá - AM,Maracujá,31.3,14650.0,74.9,2.2,2.4,0.0
Nhamundá - AM,Melancia,252.8,11765.9,359.1,20.9,0.0,21.8
Nhamundá - AM,Milho (em grão),72.2,2270.1,55.8,29.3,0.0,30.0
Nhamundá - AM,Total,74240.0,1414994.0,3278.25,383.95,21.7,760.1
Nhamundá - AM,Arroz (em casca),9.0,1800.0,9.0,5.0,0.0,5.0
Nhamundá - AM,Malva (fibra),24.62,1599.12,50.0,13.62,0.0,13.88
Nhamundá - AM,Tomate,50.0,16667.0,118.0,3.0,0.0,3.0
Nhamundá - AM,Juta (fibra),9.0,1500.0,15.33,6.0,0.0,6.0
Nova Olinda do Norte - AM,Abacaxi*,202.0,20000.0,365.0,10.1,0.0,11.3
Nova Olinda do Norte - AM,Açaí,38.0,3555.67,56.0,7.33,8.33,0.0
Nova Olinda do Norte - AM,Banana (cacho),807.1,11850.0,1643.3,68.3,75.8,0.0
Nova Olinda do Norte - AM,Cacau (em amêndoa),18.5,342.4,79.2,53.3,63.5,0.0
Nova Olinda do Norte - AM,Feijão (em grão),22.5,1036.7,64.7,22.6,0.0,24.4
Nova Olinda do Norte - AM,Laranja,66.3,15116.7,104.3,4.4,5.3,0.0
Nova Olinda do Norte - AM,Mamão,153.1,14941.7,344.0,10.1,10.6,0.0
Nova Olinda do Norte - AM,Mandioca,17460.0,11866.8,11799.0,1471.6,0.0,1506.6
Nova Olinda do Norte - AM,Maracujá,148.62,13437.5,442.0,11.12,12.5,0.0
Nova Olinda do Norte - AM,Melancia,1175.0,19456.7,1326.8,60.4,0.0,67.6
Nova Olinda do Norte - AM,Milho (em grão),228.0,3000.0,159.5,76.0,0.0,85.0
Nova Olinda do Norte - AM,Total,201535.0,1163064.0,8191.25,901.05,249.3,1626.9
Nova Olinda do Norte - AM,Goiaba,27.0,5200.0,64.0,5.2,5.2,0.0
Nova Olinda do Norte - AM,Limão,18.8,3773.4,38.0,5.0,5.7,0.0
Nova Olinda do Norte - AM,Café (em grão) Total,15.1,1066.7,39.9,14.7,17.2,0.0
Nova Olinda do Norte - AM,Café (em grão) Canephora,15.1,1066.7,39.9,14.7,17.2,0.0
Nova Olinda do Norte - AM,Guaraná (semente),6.8,173.4,127.5,49.1,51.6,0.0
Nova Olinda do Norte - AM,Pimenta-do-reino,14.0,2800.0,70.0,5.0,5.0,0.0
Nova Olinda do Norte - AM,Borracha (látex coagulado),10.0,385.0,25.0,26.0,35.0,0.0
Novo Airão - AM,Abacaxi*,69.5,19400.0,189.0,4.75,0.0,6.75
Novo Airão - AM,Açaí,53.0,9000.0,101.33,5.5,10.33,0.0
Novo Airão - AM,Banana (cacho),282.6,14155.7,540.0,19.8,22.7,0.0
Novo Airão - AM,Coco-da-baía*,108.0,6071.38,138.25,16.12,16.62,0.0
Novo Airão - AM,Feijão (em grão),21.0,875.0,63.0,24.0,0.0,24.0
Novo Airão - AM,Laranja,48.33,10000.0,166.67,4.33,4.33,0.0
Novo Airão - AM,Mamão,57.5,15950.0,159.8,3.8,4.1,0.0
Novo Airão - AM,Mandioca,3331.9,11443.0,2807.9,288.6,0.0,311.0
Novo Airão - AM,Maracujá,81.67,14416.67,173.0,5.17,5.17,0.0
Novo Airão - AM,Melancia,236.14,12642.86,230.86,15.0,0.0,18.57
Novo Airão - AM,Total,40855.0,927276.0,2109.0,176.0,53.0,332.5
Novo Airão - AM,Arroz (em casca),1.0,143.0,1.0,7.0,0.0,7.0
Novo Airão - AM,Goiaba,6.5,6500.0,15.5,1.0,1.0,0.0
Novo Airão - AM,Limão,5.67,5666.67,6.0,1.0,1.0,0.0
Novo Airão - AM,Pimenta-do-reino,14.25,4500.0,152.5,3.25,4.5,0.0
Novo Aripuanã - AM,Abacaxi*,62.6,17866.7,129.5,3.5,0.0,3.7
Novo Aripuanã - AM,Açaí,740.0,9787.83,1083.67,75.5,75.5,0.0
Novo Aripuanã - AM,Banana (cacho),6218.0,18647.8,9932.2,328.5,374.7,0.0
Novo Aripuanã - AM,Cacau (em amêndoa),46.8,681.0,271.3,69.5,79.6,0.0
Novo Aripuanã - AM,Coco-da-baía*,17.0,4250.0,34.0,4.0,4.0,0.0
Novo Aripuanã - AM,Feijão (em grão),6.0,920.57,22.0,6.57,0.0,6.71
Novo Aripuanã - AM,Laranja,106.9,20710.0,231.9,5.2,5.9,0.0
Novo Aripuanã - AM,Mamão,55.6,17108.3,90.7,3.2,3.9,0.0
Novo Aripuanã - AM,Mandioca,9829.0,12087.9,8803.2,809.5,0.0,867.2
Novo Aripuanã - AM,Maracujá,194.8,14012.8,705.2,13.6,16.2,0.0
Novo Aripuanã - AM,Melancia,3087.0,16981.9,3072.4,185.0,0.0,198.0
Novo Aripuanã - AM,Milho (em grão),79.43,2951.57,60.0,27.0,0.0,27.14
Novo Aripuanã - AM,Total,201446.0,1353650.0,12086.5,753.85,549.5,1092.6
Novo Aripuanã - AM,Goiaba,24.2,4850.0,78.3,5.0,5.5,0.0
Novo Aripuanã - AM,Limão,9.67,3333.33,21.78,2.89,3.11,0.0
Novo Aripuanã - AM,Guaraná (semente),5.5,410.4,127.7,12.9,15.2,0.0
Parintins - AM,Abacaxi*,215.7,17533.3,357.4,12.0,0.0,12.1
Parintins - AM,Banana (cacho),1682.4,12941.0,2241.2,154.9,157.0,0.0
Parintins - AM,Cacau (em amêndoa),1.5,291.5,5.0,5.5,5.5,0.0
Parintins - AM,Cana-de-açúcar,485.0,50300.0,255.2,9.5,0.0,9.5
Parintins - AM,Coco-da-baía*,40.1,3566.6,32.8,10.3,10.3,0.0
Parintins - AM,Feijão (em grão),23.14,718.29,70.57,30.43,0.0,30.43
Parintins - AM,Laranja,70.4,14561.8,141.2,5.4,5.9,0.0
Parintins - AM,Mamão,60.4,17750.1,94.7,3.4,3.4,0.0
Parintins - AM,Mandioca,18669.6,11385.0,13407.9,1690.3,0.0,1699.6
Parintins - AM,Maracujá,163.7,16550.0,491.9,10.4,10.7,0.0
Parintins - AM,Melancia,810.1,18334.3,1069.2,45.0,0.0,46.0
Parintins - AM,Milho (em grão),106.2,2445.8,76.9,43.6,0.0,44.2
Parintins - AM,Total,225639.0,1820749.0,9586.45,1134.9,350.1,1938.1
Parintins - AM,Arroz (em casca),42.5,2458.33,47.5,18.83,0.0,18.83
Parintins - AM,Batata-doce,32.0,16000.0,76.0,2.0,0.0,2.0
Parintins - AM,Goiaba,8.0,3400.0,10.8,2.6,2.6,0.0
Parintins - AM,Limão,11.3,3591.6,16.7,3.1,3.1,0.0
Parintins - AM,Malva (fibra),132.6,1653.4,260.5,74.1,0.0,76.6
Parintins - AM,Guaraná (semente),22.2,148.9,479.6,151.6,153.4,0.0
Parintins - AM,Pimenta-do-reino,14.88,3234.38,103.88,4.88,4.88,0.0
Parintins - AM,Tomate,50.0,12500.0,118.0,4.0,0.0,4.0
Parintins - AM,Juta (fibra),62.25,1348.75,133.25,41.25,0.0,41.75
Pauini - AM,Abacaxi*,170.29,18857.14,285.86,8.71,0.0,8.71
Pauini - AM,Banana (cacho),2632.5,12722.5,4118.7,205.9,207.9,0.0
Pauini - AM,Cacau (em amêndoa),6.4,671.8,15.3,8.8,9.1,0.0
Pauini - AM,Feijão (em grão),84.5,1015.4,157.2,87.3,0.0,88.5
Pauini - AM,Laranja,93.7,13768.8,144.7,6.7,6.8,0.0
Pauini - AM,Mandioca,7658.9,11271.1,9630.4,674.3,0.0,675.2
Pauini - AM,Maracujá,98.4,18223.3,217.7,5.4,5.6,0.0
Pauini - AM,Melancia,1525.8,18763.0,1860.0,79.0,0.0,81.1
Pauini - AM,Milho (em grão),194.5,2228.2,177.2,86.0,0.0,88.0
Pauini - AM,Total,125606.0,1114932.0,8380.7,593.7,236.1,960.9
Pauini - AM,Arroz (em casca),33.5,2294.5,42.8,15.3,0.0,15.9
Pauini - AM,Batata-doce,100.5,13239.62,178.12,7.5,0.0,7.62
Pauini - AM,Limão,28.2,6542.9,43.3,4.3,4.4,0.0
Pauini - AM,Azeitona,46.0,2000.0,115.0,23.0,23.0,0.0
Presidente Figueiredo - AM,Abacaxi*,176.67,13703.78,389.67,11.56,0.0,11.56
Presidente Figueiredo - AM,Açaí,1700.0,10875.0,3976.5,173.5,173.5,0.0
Presidente Figueiredo - AM,Banana (cacho),6299.0,14334.7,11200.2,415.6,437.4,0.0
Presidente Figueiredo - AM,Cana-de-açúcar,271402.7,67653.7,66595.5,4030.6,0.0,4030.6
Presidente Figueiredo - AM,Coco-da-baía*,1072.8,3855.1,1112.3,272.2,274.4,0.0
Presidente Figueiredo - AM,Feijão (em grão),23.29,962.57,36.57,27.86,0.0,27.86
Presidente Figueiredo - AM,Laranja,1150.1,18969.7,2207.7,61.4,66.0,0.0
Presidente Figueiredo - AM,Mamão,213.4,23017.5,609.4,9.3,9.9,0.0
Presidente Figueiredo - AM,Mandioca,11486.5,9964.4,17667.1,1111.3,0.0,1119.1
Presidente Figueiredo - AM,Maracujá,208.2,17271.5,700.0,11.5,12.7,0.0
Presidente Figueiredo - AM,Melancia,1379.22,16774.22,2174.89,77.44,0.0,79.11
Presidente Figueiredo - AM,Milho (em grão),223.57,2542.86,198.43,90.14,0.0,93.0
Presidente Figueiredo - AM,Total,2946014.0,2045222.0,53957.35,3301.2,1354.3,5315.9
Presidente Figueiredo - AM,Abacate,13.5,4500.0,22.5,3.0,3.0,0.0
Presidente Figueiredo - AM,Goiaba,33.33,5672.17,34.0,4.67,5.33,0.0
Presidente Figueiredo - AM,Limão,326.2,6716.6,914.0,49.0,49.9,0.0
Presidente Figueiredo - AM,Tangerina,35.8,3439.8,88.0,10.9,10.9,0.0
Presidente Figueiredo - AM,Guaraná (semente),124.0,330.6,2683.4,393.5,418.3,0.0
Presidente Figueiredo - AM,Pimenta-do-reino,69.0,4313.0,490.0,16.0,16.0,0.0
Rio Preto da Eva - AM,Abacaxi*,513.4,20845.6,963.2,24.5,0.0,25.1
Rio Preto da Eva - AM,Açaí,813.0,12000.0,1408.0,67.75,67.75,0.0
Rio Preto da Eva - AM,Banana (cacho),4995.0,14244.9,7992.6,399.5,407.5,0.0
Rio Preto da Eva - AM,Coco-da-baía*,454.6,4168.6,520.7,107.0,109.5,0.0
Rio Preto da Eva - AM,Feijão (em grão),23.0,791.5,58.5,29.0,0.0,29.0
Rio Preto da Eva - AM,Laranja,16525.0,17485.3,28960.5,1060.3,1191.2,0.0
Rio Preto da Eva - AM,Mamão,913.7,23801.9,1609.0,38.8,38.8,0.0
Rio Preto da Eva - AM,Mandioca,5481.6,9572.2,5636.3,505.4,0.0,505.4
Rio Preto da Eva - AM,Maracujá,424.1,18632.0,1099.6,24.0,24.0,0.0
Rio Preto da Eva - AM,Melancia,576.9,20023.1,841.2,29.2,0.0,29.2
Rio Preto da Eva - AM,Milho (em grão),55.0,2115.0,110.0,26.0,0.0,26.0
Rio Preto da Eva - AM,Total,307059.0,1498945.0,24347.85,1159.45,1932.3,569.6
Rio Preto da Eva - AM,Abacate,9.75,6000.0,17.0,1.5,1.75,0.0
Rio Preto da Eva - AM,Arroz (em casca),30.0,2000.0,45.0,15.0,0.0,15.0
Rio Preto da Eva - AM,Goiaba,90.0,3000.0,450.0,30.0,30.0,0.0
Rio Preto da Eva - AM,Limão,131.1,6140.6,213.0,23.7,25.7,0.0
Rio Preto da Eva - AM,Tangerina,49.6,4276.2,106.4,12.4,12.4,0.0
Rio Preto da Eva - AM,Pimenta-do-reino,4.5,2166.5,13.0,2.0,2.5,0.0
Rio Preto da Eva - AM,Dendê (cacho de coco),577.6,4402.0,216.8,106.2,183.8,0.0
Santa Isabel do Rio Negro - AM,Abacaxi*,361.44,16791.22,1551.11,26.11,0.0,32.0
Santa Isabel do Rio Negro - AM,Açaí,95.4,10133.4,257.0,10.4,21.2,0.0
Santa Isabel do Rio Negro - AM,Banana (cacho),149.38,12689.88,302.25,12.75,16.75,0.0
Santa Isabel do Rio Negro - AM,Laranja,57.25,17533.38,123.75,3.38,4.25,0.0
Santa Isabel do Rio Negro - AM,Mandioca,1817.67,7667.11,3680.78,247.67,0.0,377.56
Santa Isabel do Rio Negro - AM,Maracujá,61.0,13700.0,213.5,4.5,4.5,0.0
Santa Isabel do Rio Negro - AM,Melancia,99.4,10600.0,121.6,15.6,0.0,15.8
Santa Isabel do Rio Negro - AM,Milho (em grão),2203.0,4107.25,3744.5,355.5,0.0,383.0
Santa Isabel do Rio Negro - AM,Total,31205.0,613407.0,3768.94,231.67,35.38,531.3
Santa Isabel do Rio Negro - AM,Arroz (em casca),16.0,2000.0,24.0,8.0,0.0,8.0
Santo Antônio do Içá - AM,Abacaxi*,127.44,20644.44,507.56,6.11,0.0,6.22
Santo Antônio do Içá - AM,Açaí,41.0,12026.6,113.8,3.4,3.4,0.0
Santo Antônio do Içá - AM,Banana (cacho),540.86,13265.0,858.86,41.86,42.0,0.0
Santo Antônio do Içá - AM,Cana-de-açúcar,184.0,46055.67,53.0,4.0,0.0,4.0
Santo Antônio do Içá - AM,Feijão (em grão),11.33,806.0,31.33,14.0,0.0,14.0
Santo Antônio do Içá - AM,Laranja,53.17,14966.67,122.83,3.67,4.0,0.0
Santo Antônio do Içá - AM,Mamão,124.38,16046.88,378.0,7.38,8.38,0.0
Santo Antônio do Içá - AM,Mandioca,2811.11,10998.56,3296.56,254.44,0.0,255.56
Santo Antônio do Içá - AM,Maracujá,84.0,16047.67,141.0,5.33,6.33,0.0
Santo Antônio do Içá - AM,Melancia,504.22,15080.44,950.0,32.67,0.0,37.44
Santo Antônio do Içá - AM,Milho (em grão),158.5,3753.0,219.17,52.33,0.0,55.67
Santo Antônio do Içá - AM,Total,38497.0,1071620.0,3190.33,192.56,51.89,343.0
Santo Antônio do Içá - AM,Abacate,64.2,8900.0,383.4,6.6,6.6,0.0
Santo Antônio do Içá - AM,Arroz (em casca),7.5,2500.0,10.0,3.0,0.0,3.0
Santo Antônio do Içá - AM,Limão,27.33,6400.0,123.0,4.33,4.33,0.0
Silves - AM,Abacaxi*,132.0,20904.71,294.0,6.57,0.0,6.57
Silves - AM,Açaí,252.0,12000.0,705.75,21.0,21.0,0.0
Silves - AM,Banana (cacho),337.1,10682.9,919.0,32.6,32.6,0.0
Silves - AM,Cacau (em amêndoa),7.75,646.0,35.25,12.0,12.0,0.0
Silves - AM,Cana-de-açúcar,115.0,38333.0,58.0,3.0,0.0,3.0
Silves - AM,Coco-da-baía*,35.0,3500.0,43.33,10.0,10.0,0.0
Silves - AM,Feijão (em grão),7.33,1000.0,27.33,7.33,0.0,7.33
Silves - AM,Laranja,150.3,18333.4,326.7,8.3,8.5,0.0
Silves - AM,Mamão,99.33,18365.17,279.0,5.5,5.5,0.0
Silves - AM,Mandioca,9010.0,9576.11,10637.44,994.44,0.0,1107.22
Silves - AM,Maracujá,95.71,14857.14,264.57,6.43,6.57,0.0
Silves - AM,Melancia,280.5,17000.0,536.0,16.0,0.0,16.0
Silves - AM,Milho (em grão),70.0,2000.0,42.0,35.0,0.0,35.0
Silves - AM,Total,93085.0,1168407.0,6214.9,504.05,85.8,1026.2
Silves - AM,Abacate,21.88,3050.0,72.38,7.12,7.12,0.0
Silves - AM,Arroz (em casca),21.0,2100.0,44.0,10.0,0.0,10.0
Silves - AM,Batata-doce,64.0,16000.0,160.0,4.0,0.0,4.0
Silves - AM,Limão,24.67,5805.56,26.78,4.22,4.22,0.0
Silves - AM,Café (em grão) Arábica,8.2,1150.0,25.0,7.6,10.6,0.0
Silves - AM,Café (em grão) Total,8.9,1238.4,51.2,8.6,10.7,0.0
Silves - AM,Café (em grão) Canephora,9.6,1326.8,77.4,9.6,10.8,0.0
Silves - AM,Guaraná (semente),1.0,500.0,25.0,2.0,2.0,0.0
Silves - AM,Pimenta-do-reino,2.0,2000.0,12.0,1.0,1.0,0.0
Silves - AM,Tomate,12.5,7500.0,47.5,1.5,0.0,1.5
São Gabriel da Cachoeira - AM,Abacaxi*,186.78,17268.11,852.56,10.89,0.0,13.22
São Gabriel da Cachoeira - AM,Açaí,399.17,14306.67,1397.33,28.83,36.17,0.0
São Gabriel da Cachoeira - AM,Banana (cacho),327.8,14017.0,1244.9,22.0,26.5,0.0
São Gabriel da Cachoeira - AM,Coco-da-baía*,28.83,4850.0,55.17,5.83,6.33,0.0
São Gabriel da Cachoeira - AM,Feijão (em grão),4.67,1133.33,16.67,4.0,0.0,4.0
São Gabriel da Cachoeira - AM,Laranja,35.14,13071.43,143.71,2.71,3.14,0.0
São Gabriel da Cachoeira - AM,Mamão,45.71,17142.86,206.57,2.71,3.0,0.0
São Gabriel da Cachoeira - AM,Mandioca,3158.0,8919.5,5982.12,334.62,0.0,409.12
São Gabriel da Cachoeira - AM,Maracujá,35.38,13093.75,134.62,2.62,2.89,0.0
São Gabriel da Cachoeira - AM,Melancia,50.0,15511.83,115.5,3.17,0.0,3.14
São Gabriel da Cachoeira - AM,Milho (em grão),20.78,2481.56,41.0,8.11,0.0,8.22
São Gabriel da Cachoeira - AM,Total,35635.0,1081934.0,4329.1,179.1,73.3,359.0
São Gabriel da Cachoeira - AM,Abacate,74.67,8666.67,276.0,8.0,8.0,0.0
São Gabriel da Cachoeira - AM,Arroz (em casca),13.0,2107.14,15.43,5.86,0.0,6.14
São Gabriel da Cachoeira - AM,Batata-doce,108.8,12400.0,281.2,9.0,0.0,9.4
São Gabriel da Cachoeira - AM,Goiaba,55.0,6875.0,138.0,8.0,8.0,0.0
São Gabriel da Cachoeira - AM,Limão,62.44,5319.44,299.22,10.0,11.56,0.0
São Gabriel da Cachoeira - AM,Tangerina,3.0,3000.0,24.0,1.0,1.0,0.0
São Gabriel da Cachoeira - AM,Pimenta-do-reino,5.0,2500.0,20.0,2.0,2.0,0.0
São Gabriel da Cachoeira - AM,Urucum (semente),10.0,2000.0,30.0,5.0,5.0,0.0
São Paulo de Olivença - AM,Abacaxi*,132.8,14666.6,559.8,10.7,0.0,11.2
São Paulo de Olivença - AM,Açaí,3.0,750.0,8.0,4.0,4.0,0.0
São Paulo de Olivença - AM,Banana (cacho),534.9,13561.4,1054.7,47.0,48.0,0.0
São Paulo de Olivença - AM,Cana-de-açúcar,153.0,35507.5,294.33,3.83,0.0,3.83
São Paulo de Olivença - AM,Feijão (em grão),6.5,851.83,31.17,7.67,0.0,9.0
São Paulo de Olivença - AM,Laranja,43.67,22333.33,186.83,2.0,2.0,0.0
São Paulo de Olivença - AM,Mamão,89.8,22400.0,323.6,3.8,5.4,0.0
São Paulo de Olivença - AM,Mandioca,1747.9,10157.4,1681.1,155.4,0.0,160.4
São Paulo de Olivença - AM,Maracujá,26.67,20000.0,116.67,1.33,1.67,0.0
São Paulo de Olivença - AM,Melancia,495.62,18437.5,799.25,26.75,0.0,32.25
São Paulo de Olivença - AM,Milho (em grão),30.0,3000.0,52.5,10.0,0.0,17.5
São Paulo de Olivença - AM,Total,30082.0,1142593.0,2265.35,125.05,55.2,209.2
São Paulo de Olivença - AM,Abacate,11.5,11500.0,65.0,1.0,1.0,0.0
São Paulo de Olivença - AM,Arroz (em casca),12.0,2000.0,60.0,6.0,0.0,6.0
São Paulo de Olivença - AM,Limão,12.78,6148.11,68.0,2.22,2.44,0.0
São Sebastião do Uatumã - AM,Abacaxi*,196.5,24000.0,452.5,9.0,0.0,9.0
São Sebastião do Uatumã - AM,Açaí,169.0,12071.5,317.0,14.0,14.0,0.0
São Sebastião do Uatumã - AM,Banana (cacho),326.0,13225.0,882.3,24.4,26.8,0.0
São Sebastião do Uatumã - AM,Coco-da-baía*,25.9,5166.7,33.5,5.2,5.2,0.0
São Sebastião do Uatumã - AM,Feijão (em grão),33.11,1273.44,112.22,25.11,0.0,25.11
São Sebastião do Uatumã - AM,Laranja,22.0,13000.0,37.5,1.75,1.75,0.0
São Sebastião do Uatumã - AM,Mamão,184.0,23000.0,534.0,8.0,8.0,0.0
São Sebastião do Uatumã - AM,Mandioca,6784.0,10100.0,5572.6,655.6,0.0,655.6
São Sebastião do Uatumã - AM,Maracujá,147.6,17200.0,590.1,8.7,8.7,0.0
São Sebastião do Uatumã - AM,Melancia,532.5,15910.0,1052.1,29.3,0.0,30.8
São Sebastião do Uatumã - AM,Milho (em grão),121.5,3000.0,84.8,40.5,0.0,42.1
São Sebastião do Uatumã - AM,Total,81300.0,882823.0,4456.15,428.55,108.5,754.7
São Sebastião do Uatumã - AM,Goiaba,20.0,5000.0,60.0,4.0,4.0,0.0
São Sebastião do Uatumã - AM,Café (em grão) Arábica,4.0,1273.57,13.29,3.14,3.14,0.0
São Sebastião do Uatumã - AM,Café (em grão) Total,4.22,1272.0,13.33,3.33,3.33,0.0
São Sebastião do Uatumã - AM,Café (em grão) Canephora,5.0,1266.5,13.5,4.0,4.0,0.0
São Sebastião do Uatumã - AM,Guaraná (semente),13.5,230.6,265.1,59.5,60.1,0.0
Tabatinga - AM,Abacaxi*,115.5,18766.7,424.9,6.1,0.0,6.4
Tabatinga - AM,Açaí,92.0,12250.0,187.75,7.5,7.5,0.0
Tabatinga - AM,Banana (cacho),210.6,16428.1,431.8,14.9,15.1,0.0
Tabatinga - AM,Cana-de-açúcar,180.0,45000.0,90.0,4.0,0.0,4.0
Tabatinga - AM,Coco-da-baía*,10.78,4166.67,17.0,2.67,2.67,0.0
Tabatinga - AM,Feijão (em grão),7.22,877.78,25.89,8.67,0.0,9.11
Tabatinga - AM,Laranja,40.62,17937.5,137.75,2.5,2.5,0.0
Tabatinga - AM,Mamão,27.57,23285.71,114.57,1.29,1.29,0.0
Tabatinga - AM,Mandioca,2046.0,12192.1,2860.5,169.5,0.0,180.0
Tabatinga - AM,Maracujá,24.5,21416.67,112.67,1.17,1.33,0.0
Tabatinga - AM,Melancia,188.22,13223.0,505.67,12.67,0.0,13.89
Tabatinga - AM,Milho (em grão),27.75,2950.0,61.5,9.25,0.0,10.62
Tabatinga - AM,Total,27855.0,1467626.0,2449.25,118.85,31.6,219.9
Tabatinga - AM,Abacate,16.43,7785.71,135.57,2.14,2.14,0.0
Tabatinga - AM,Arroz (em casca),16.2,2800.0,27.0,6.2,0.0,6.4
Tabatinga - AM,Goiaba,15.0,7500.0,45.0,2.0,2.0,0.0
Tabatinga - AM,Limão,17.67,6916.67,71.89,2.67,2.67,0.0
Tabatinga - AM,Guaraná (semente),1.0,1000.0,35.0,1.0,1.0,0.0
Tabatinga - AM,Tomate,14.83,13500.0,59.33,1.17,0.0,1.17
Tapauá - AM,Abacaxi*,213.8,18586.7,432.3,11.1,0.0,11.3
Tapauá - AM,Açaí,1811.29,12370.14,3863.57,146.0,146.57,0.0
Tapauá - AM,Banana (cacho),1176.9,11626.7,1987.0,101.2,101.2,0.0
Tapauá - AM,Coco-da-baía*,31.44,4146.44,51.11,7.44,7.44,0.0
Tapauá - AM,Feijão (em grão),147.4,998.6,435.7,139.5,0.0,139.8
Tapauá - AM,Laranja,69.0,18000.0,133.0,4.0,4.0,0.0
Tapauá - AM,Mamão,110.1,21763.2,277.2,5.2,5.3,0.0
Tapauá - AM,Mandioca,30750.3,12150.9,36777.8,2530.8,0.0,2536.8
Tapauá - AM,Maracujá,77.4,16806.7,219.5,4.3,4.3,0.0
Tapauá - AM,Melancia,2527.0,16824.1,3762.1,164.4,0.0,164.4
Tapauá - AM,Milho (em grão),389.2,2708.9,461.1,137.9,0.0,138.1
Tapauá - AM,Total,367676.0,1256414.0,23641.95,1608.15,232.3,2991.2
Tapauá - AM,Abacate,4.5,4500.0,4.0,1.0,1.0,0.0
Tapauá - AM,Goiaba,38.0,4666.67,117.0,8.33,8.33,0.0
Tapauá - AM,Limão,52.7,5822.2,115.7,8.7,8.7,0.0
Tapauá - AM,Cebola,5.0,625.0,25.0,8.0,0.0,8.0
Tefé - AM,Abacaxi*,1006.3,19559.4,1890.5,52.1,0.0,53.9
Tefé - AM,Açaí,732.0,12817.11,987.11,58.67,59.44,0.0
Tefé - AM,Banana (cacho),598.2,8849.9,891.2,66.4,70.4,0.0
Tefé - AM,Cacau (em amêndoa),30.7,662.5,122.6,66.7,67.5,0.0
Tefé - AM,Cana-de-açúcar,989.5,46450.0,374.5,20.5,0.0,20.5
Tefé - AM,Coco-da-baía*,179.6,3910.4,221.9,45.9,46.9,0.0
Tefé - AM,Feijão (em grão),66.1,830.4,87.4,79.7,0.0,80.4
Tefé - AM,Laranja,430.1,19613.3,840.7,21.7,22.5,0.0
Tefé - AM,Mamão,60.5,20167.0,67.0,3.0,3.5,0.0
Tefé - AM,Mandioca,93244.9,11489.3,84789.2,8129.9,0.0,8349.1
Tefé - AM,Maracujá,106.0,16866.67,206.33,6.33,6.33,0.0
Tefé - AM,Melancia,1296.7,15945.0,2412.2,81.3,0.0,84.8
Tefé - AM,Milho (em grão),140.33,2773.67,124.33,52.67,0.0,52.67
Tefé - AM,Total,982338.0,1248410.0,46371.6,4338.65,318.3,8592.1
Tefé - AM,Abacate,1982.0,7623.0,1487.0,260.0,260.0,0.0
Tefé - AM,Arroz (em casca),50.0,2500.0,74.0,20.0,0.0,20.0
Tefé - AM,Batata-doce,29.0,14500.0,36.5,2.0,0.0,2.0
Tefé - AM,Goiaba,353.5,8294.5,535.5,37.0,37.5,0.0
Tefé - AM,Limão,47.0,5353.0,115.0,13.33,13.67,0.0
Tefé - AM,Manga,1200.0,7947.0,540.0,151.0,154.0,0.0
Tefé - AM,Tangerina,52.0,5846.0,104.5,7.0,7.0,0.0
Tefé - AM,Café (em grão) Arábica,3.0,1500.0,8.0,2.0,2.0,0.0
Tefé - AM,Café (em grão) Total,3.0,1500.0,8.0,2.0,2.0,0.0
Tefé - AM,Pimenta-do-reino,4.0,2500.0,13.0,1.5,1.5,0.0
Tefé - AM,Tomate,47.0,14500.0,115.0,3.5,0.0,3.5
Tefé - AM,Melão,35.0,3889.0,53.0,9.0,0.0,9.0
Tonantins - AM,Abacaxi*,220.6,17787.0,1037.8,12.8,0.0,15.4
Tonantins - AM,Açaí,150.33,11527.67,270.67,13.0,13.33,0.0
Tonantins - AM,Banana (cacho),413.0,15087.6,1167.8,25.1,31.2,0.0
Tonantins - AM,Cacau (em amêndoa),2.5,854.25,9.75,3.0,3.0,0.0
Tonantins - AM,Cana-de-açúcar,186.5,36678.5,473.5,5.17,0.0,5.83
Tonantins - AM,Coco-da-baía*,9.5,3416.75,21.5,2.75,3.0,0.0
Tonantins - AM,Feijão (em grão),6.0,1001.2,19.4,6.0,0.0,6.2
Tonantins - AM,Laranja,29.0,18857.14,75.43,1.71,2.43,0.0
Tonantins - AM,Mamão,46.2,18900.0,153.3,2.5,2.9,0.0
Tonantins - AM,Mandioca,1996.0,9259.2,3740.9,229.8,0.0,253.1
Tonantins - AM,Maracujá,22.29,11881.0,84.43,2.29,2.43,0.0
Tonantins - AM,Melancia,231.0,16037.1,410.6,16.5,0.0,18.4
Tonantins - AM,Milho (em grão),48.0,2638.86,61.71,20.14,0.0,20.71
Tonantins - AM,Total,32011.0,1496758.0,3590.45,162.05,51.9,309.5
Tonantins - AM,Abacate,17.17,6500.0,47.0,2.67,3.0,0.0
Tonantins - AM,Batata-doce,6.0,1200.0,9.0,5.0,0.0,6.0
Tonantins - AM,Goiaba,42.33,8716.67,75.17,4.83,5.17,0.0
Tonantins - AM,Limão,17.33,6444.33,50.33,2.67,3.33,0.0
Tonantins - AM,Manga,60.0,20000.0,60.0,3.0,3.0,0.0
Tonantins - AM,Tangerina,6.5,5125.0,15.0,1.5,1.75,0.0
Tonantins - AM,Pimenta-do-reino,3.0,3000.0,6.0,1.0,1.0,0.0
Tonantins - AM,Tomate,9.5,9500.0,26.0,1.0,0.0,1.0
Tonantins - AM,Melão,6.0,3000.0,5.0,2.0,0.0,5.0
Uarini - AM,Abacaxi*,107.5,16131.7,219.6,6.3,0.0,6.6
Uarini - AM,Açaí,254.12,15380.0,307.25,15.75,16.5,0.0
Uarini - AM,Banana (cacho),102.1,10595.8,175.3,9.5,11.2,0.0
Uarini - AM,Cacau (em amêndoa),10.0,359.0,40.5,28.0,29.0,0.0
Uarini - AM,Coco-da-baía*,14.5,4347.17,17.0,3.33,3.67,0.0
Uarini - AM,Feijão (em grão),2.0,667.0,5.0,3.0,0.0,3.0
Uarini - AM,Laranja,25.5,11972.17,35.83,2.17,2.33,0.0
Uarini - AM,Mamão,18.0,16000.0,41.33,1.33,1.67,0.0
Uarini - AM,Mandioca,60276.7,11188.7,63994.2,5366.0,0.0,5543.2
Uarini - AM,Maracujá,24.0,12000.0,60.0,2.0,2.33,0.0
Uarini - AM,Melancia,170.56,14398.89,283.89,11.89,0.0,12.44
Uarini - AM,Milho (em grão),17.88,2626.5,17.88,6.88,0.0,7.0
Uarini - AM,Total,609065.0,876606.0,32501.05,2711.65,37.3,5567.2
Uarini - AM,Limão,11.22,4426.0,29.11,2.44,2.56,0.0
Urucará - AM,Abacaxi*,87.6,19400.0,227.1,4.5,0.0,4.5
Urucará - AM,Açaí,93.0,12000.0,185.0,7.75,8.0,0.0
Urucará - AM,Banana (cacho),765.5,16006.7,2331.0,48.6,48.6,0.0
Urucará - AM,Cacau (em amêndoa),18.3,842.2,73.4,23.0,23.0,0.0
Urucará - AM,Coco-da-baía*,13.0,4800.0,17.6,2.8,3.0,0.0
Urucará - AM,Feijão (em grão),4.25,950.0,13.0,4.75,0.0,4.75
Urucará - AM,Laranja,269.4,18146.8,557.4,14.1,14.9,0.0
Urucará - AM,Mamão,40.0,20000.0,80.0,2.0,2.0,0.0
Urucará - AM,Mandioca,5906.0,11990.6,7819.3,492.5,0.0,492.5
Urucará - AM,Maracujá,152.7,18200.0,653.8,8.5,8.5,0.0
Urucará - AM,Melancia,725.6,14991.7,1513.5,51.0,0.0,51.9
Urucará - AM,Milho (em grão),82.3,2545.2,103.4,31.4,0.0,31.5
Urucará - AM,Total,81792.0,1202290.0,7977.6,585.8,593.8,582.5
Urucará - AM,Abacate,9.5,3166.5,10.5,3.0,3.0,0.0
Urucará - AM,Batata-doce,11.0,11000.0,38.5,1.0,0.0,1.0
Urucará - AM,Goiaba,15.0,3750.0,45.0,4.0,4.0,0.0
Urucará - AM,Limão,6.67,4055.56,18.78,1.67,1.67,0.0
Urucará - AM,Manga,10.0,2500.0,15.0,4.0,4.0,0.0
Urucará - AM,Tangerina,7.0,3500.0,18.5,2.0,2.0,0.0
Urucará - AM,Guaraná (semente),105.7,217.5,2530.6,483.5,483.5,0.0
Urucará - AM,Pimenta-do-reino,3.0,1500.0,45.0,2.0,2.0,0.0
Urucará - AM,Borracha (látex coagulado),9.5,500.0,36.5,19.0,32.5,0.0
Urucará - AM,Urucum (semente),2.5,1250.0,7.5,2.0,2.0,0.0
Urucurituba - AM,Abacaxi*,36.0,18000.0,66.75,2.0,0.0,2.75
Urucurituba - AM,Açaí,124.5,9000.0,350.5,14.25,14.5,0.0
Urucurituba - AM,Banana (cacho),450.7,12242.9,936.6,36.9,38.0,0.0
Urucurituba - AM,Cacau (em amêndoa),46.56,719.0,199.78,62.78,65.56,0.0
Urucurituba - AM,Feijão (em grão),16.14,955.14,44.57,16.43,0.0,17.86
Urucurituba - AM,Laranja,80.67,12888.89,106.44,6.11,6.33,0.0
Urucurituba - AM,Mamão,71.89,16370.33,154.0,4.44,4.44,0.0
Urucurituba - AM,Mandioca,1343.75,10625.0,2035.38,127.88,0.0,131.75
Urucurituba - AM,Maracujá,137.0,14194.44,472.78,9.33,9.44,0.0
Urucurituba - AM,Melancia,188.38,10000.0,310.0,18.88,0.0,20.25
Urucurituba - AM,Milho (em grão),45.0,2241.71,47.0,20.57,0.0,23.57
Urucurituba - AM,Total,21340.0,944976.0,2111.68,145.84,129.4,178.56
Urucurituba - AM,Abacate,13.0,3625.0,57.25,4.0,4.0,0.0
Urucurituba - AM,Batata-doce,18.25,8750.0,48.75,2.0,0.0,2.5
Urucurituba - AM,Goiaba,11.33,3583.33,31.0,3.67,3.67,0.0
Urucurituba - AM,Limão,24.43,6285.71,52.43,3.71,3.71,0.0
Urucurituba - AM,Tangerina,5.5,2000.0,9.5,2.5,2.5,0.0
Urucurituba - AM,Malva (fibra),16.83,1491.67,32.83,11.33,0.0,13.33
Urucurituba - AM,Guaraná (semente),1.0,333.0,19.0,3.0,3.0,0.0
Urucurituba - AM,Erva-mate (folha verde),1.0,333.0,17.0,3.0,3.0,0.0
