Nome: BARCELOS
Codigo Estacao: A128
Latitude: -0.98722221
Longitude: -62.92416666
Altitude: 29.88
Situacao: Operante
Data Inicial: 2014-01-01
Data Final: 2023-12-31
Periodicidade da Medicao: Mensal

Data Medicao;NUMERO DE DIAS COM PRECIP. PLUV, MENSAL (AUT)(número);PRECIPITACAO TOTAL, MENSAL (AUT)(mm);PRESSAO ATMOSFERICA, MEDIA MENSAL (AUT)(mB);TEMPERATURA MEDIA, MENSAL (AUT)(°C);
2014-01-31;17;143;1006,3;26,4;
2014-02-28;18;236,8;1005,9;26;
2014-03-31;19;287,6;1006,5;26,1;
2014-04-30;25;347;1007,3;26,1;
2014-05-31;29;493,8;1007,7;26;
2014-06-30;28;326;1008,5;26;
2014-07-31;22;134,6;1010;25,8;
2014-08-31;21;91,8;1008,9;26;
2014-09-30;10;53,8;1007,3;27;
2014-10-31;13;82,4;1006,9;26,2;
2014-11-30;20;74,6;1005,7;26,6;
2014-12-31;14;46,4;1005,7;27,2;
2015-01-31;19;111,2;1007,4;25,9;
2015-02-28;11;79,8;1006,7;26,9;
2015-03-31;19;143,4;1007,1;26,1;
2015-04-30;24;181,2;1007,3;26;
2015-05-31;null;null;1007,4;25,9;
2015-06-30;null;null;null;26,2;
2015-07-31;15;37,8;null;26,6;
2015-08-31;10;86,6;null;27,2;
2015-09-30;3;13,2;null;28;
2015-10-31;null;null;null;27,7;
2015-11-30;null;null;null;27,2;
2015-12-31;null;null;null;28,1;
2016-01-31;null;null;null;29,8;
2016-02-29;null;null;null;null;
2016-03-31;null;null;null;null;
2016-04-30;null;null;null;null;
2016-05-31;null;null;null;null;
2016-06-30;null;null;null;null;
2016-07-31;null;null;null;null;
2016-08-31;null;null;null;null;
2016-09-30;null;null;null;null;
2016-10-31;null;null;null;null;
2016-11-30;null;null;null;null;
2016-12-31;null;null;null;null;
2017-01-31;null;null;null;null;
2017-02-28;3;null;null;null;
2017-03-31;20;168,4;1006,6;26;
2017-04-30;26;529,2;1006,9;25,9;
2017-05-31;25;243,6;1007,2;26,4;
2017-06-30;9;null;null;null;
2017-07-31;16;58,6;1009,7;26;
2017-08-31;10;null;null;null;
2017-09-30;null;null;null;null;
2017-10-31;null;null;null;null;
2017-11-30;null;null;null;null;
2017-12-31;null;null;null;null;
2018-01-31;null;null;null;null;
2018-02-28;null;null;null;null;
2018-03-31;null;null;null;null;
2018-04-30;null;null;null;null;
2018-05-31;null;null;null;null;
2018-06-30;null;null;null;null;
2018-07-31;null;null;null;null;
2018-08-31;null;null;null;null;
2018-09-30;null;null;null;null;
2018-10-31;null;null;null;null;
2018-11-30;10;null;null;null;
2018-12-31;19;244,8;1007,2;26;
2019-01-31;23;296,6;1007,1;26,4;
2019-02-28;13;84,6;1006,4;27,3;
2019-03-31;12;372,2;1006,3;27,5;
2019-04-30;24;459,4;1006,7;26,5;
2019-05-31;29;352,6;1007,3;25,6;
2019-06-30;26;286,2;1008,6;25,8;
2019-07-31;21;266,4;1008,8;25,6;
2019-08-31;11;161,8;1009,3;25,9;
2019-09-30;15;73,6;1007,1;26,8;
2019-10-31;18;96,8;1006,1;26,2;
2019-11-30;24;242,2;1004,8;26,4;
2019-12-31;27;300,2;1005,4;26,2;
2020-01-31;null;null;null;null;
2020-02-29;null;null;null;null;
2020-03-31;null;null;null;null;
2020-04-30;null;null;null;null;
2020-05-31;null;null;null;null;
2020-06-30;null;null;null;null;
2020-07-31;null;null;null;null;
2020-08-31;null;null;null;null;
2020-09-30;null;null;null;null;
2020-10-31;null;null;null;null;
2020-11-30;null;null;null;null;
2020-12-31;null;null;null;null;
2021-01-31;null;null;null;null;
2021-02-28;null;null;null;null;
2021-03-31;null;null;null;null;
2021-04-30;null;null;null;null;
2021-05-31;null;null;null;null;
2021-06-30;null;null;null;null;
2021-07-31;null;null;null;null;
2021-08-31;null;null;null;null;
2021-09-30;null;null;null;null;
2021-10-31;null;null;null;null;
2021-11-30;null;null;null;null;
2021-12-31;null;null;null;null;
2022-01-31;null;null;null;null;
2022-02-28;null;null;null;null;
2022-03-31;null;null;null;null;
2022-04-30;null;null;null;null;
2022-05-31;6;null;null;null;
2022-06-30;21;201,6;1008,1;25,4;
2022-07-31;21;177;1007,8;26,3;
2022-08-31;18;214,2;1007,6;26,4;
2022-09-30;19;188,2;1006,5;26,7;
2022-10-31;17;329,8;1005,7;26,8;
2022-11-30;13;241;1005,9;26,4;
2022-12-31;19;162,6;1005,4;26,6;
2023-01-31;21;null;1007;25,5;
2023-02-28;22;null;1006,6;26;
2023-03-31;18;274,8;1006,5;26,2;
2023-04-30;19;252,6;1006,2;26,4;
2023-05-31;21;294,4;1007,4;26,5;
2023-06-30;20;211;1008,8;26;
2023-07-31;18;237;1008,5;26,6;
2023-08-31;11;150,8;1007,2;27,2;
2023-09-30;12;142,2;1006;28,1;
2023-10-31;8;101;1005;28,4;
2023-11-30;4;32,8;1004,7;27,9;
2023-12-31;7;72,8;1005,3;27,1;

