Nome: NOVO ARIPUANA
Codigo Estacao: A144
Latitude: -8.0911111
Longitude: -60.38055554
Altitude: 45
Situacao: Operante
Data Inicial: 2019-07-17
Data Final: 2023-12-31
Periodicidade da Medicao: Mensal

Data Medicao;NUMERO DE DIAS COM PRECIP. PLUV, MENSAL (AUT)(número);PRECIPITACAO TOTAL, MENSAL (AUT)(mm);PRESSAO ATMOSFERICA, MEDIA MENSAL (AUT)(mB);TEMPERATURA MEDIA, MENSAL (AUT)(°C);
2019-07-31;1;null;null;null;
2019-08-31;8;60,2;1008,5;27;
2019-09-30;22;202,4;1006,5;27,3;
2019-10-31;23;178,6;1005,7;26,5;
2019-11-30;15;null;1004,6;26,7;
2019-12-31;null;null;null;null;
2020-01-31;null;null;null;null;
2020-02-29;null;null;null;null;
2020-03-31;null;null;null;null;
2020-04-30;null;null;null;null;
2020-05-31;null;null;null;null;
2020-06-30;null;null;null;null;
2020-07-31;null;null;null;null;
2020-08-31;null;null;null;null;
2020-09-30;null;null;null;null;
2020-10-31;null;null;null;null;
2020-11-30;null;null;null;null;
2020-12-31;null;null;null;null;
2021-01-31;null;null;null;null;
2021-02-28;null;null;null;null;
2021-03-31;null;null;null;null;
2021-04-30;null;null;null;null;
2021-05-31;null;null;null;null;
2021-06-30;null;null;null;null;
2021-07-31;null;null;null;null;
2021-08-31;null;null;null;null;
2021-09-30;null;null;null;null;
2021-10-31;null;null;null;null;
2021-11-30;null;null;null;null;
2021-12-31;null;null;null;null;
2022-01-31;null;null;null;null;
2022-02-28;null;null;null;null;
2022-03-31;null;null;null;null;
2022-04-30;null;null;null;null;
2022-05-31;null;null;null;null;
2022-06-30;7;null;null;null;
2022-07-31;6;null;1007;27,4;
2022-08-31;14;82,6;1007,1;27,1;
2022-09-30;10;104,2;1005,9;27,8;
2022-10-31;17;284,2;1005,4;26,8;
2022-11-30;15;208,4;1005,4;26,6;
2022-12-31;25;266,4;1005,2;26,2;
2023-01-31;27;337,8;1006,9;25,3;
2023-02-28;24;null;1006,7;25,6;
2023-03-31;28;437,2;1006,6;25,6;
2023-04-30;24;528;1006,2;26,2;
2023-05-31;20;226,2;1007;26,8;
2023-06-30;18;124,4;1008,4;26,3;
2023-07-31;6;47;1008;27,5;
2023-08-31;10;64,2;1006,7;28,3;
2023-09-30;9;34,6;1005,7;28,7;
2023-10-31;5;null;1004,7;null;
2023-11-30;null;null;null;null;
2023-12-31;null;null;null;null;

