Nome: HUMAITA
Codigo Estacao: A112
Latitude: -7.5525
Longitude: -63.07138888
Altitude: 53.56
Situacao: Operante
Data Inicial: 2014-01-01
Data Final: 2023-12-31
Periodicidade da Medicao: Diaria

Data Medicao;PRECIPITACAO TOTAL, DIARIO (AUT)(mm);TEMPERATURA MEDIA, DIARIA (AUT)(°C);UMIDADE RELATIVA DO AR, MEDIA DIARIA (AUT)(%);
2014-01-01;null;null;null;
2014-01-02;null;null;null;
2014-01-03;null;null;null;
2014-01-04;null;null;null;
2014-01-05;null;null;null;
2014-01-06;null;null;null;
2014-01-07;null;null;null;
2014-01-08;null;null;null;
2014-01-09;null;null;null;
2014-01-10;null;null;null;
2014-01-11;null;null;null;
2014-01-12;null;null;null;
2014-01-13;null;null;null;
2014-01-14;null;null;null;
2014-01-15;null;null;null;
2014-01-16;null;null;null;
2014-01-17;null;null;null;
2014-01-18;null;null;null;
2014-01-19;null;null;null;
2014-01-20;null;null;null;
2014-01-21;null;null;null;
2014-01-22;null;null;null;
2014-01-23;null;null;null;
2014-01-24;null;null;null;
2014-01-25;null;null;null;
2014-01-26;null;null;null;
2014-01-27;null;null;null;
2014-01-28;null;null;null;
2014-01-29;null;null;null;
2014-01-30;null;null;null;
2014-01-31;null;null;null;
2014-02-01;null;null;null;
2014-02-02;null;null;null;
2014-02-03;null;null;null;
2014-02-04;null;null;null;
2014-02-05;null;null;null;
2014-02-06;null;null;null;
2014-02-07;null;null;null;
2014-02-08;null;null;null;
2014-02-09;null;null;null;
2014-02-10;null;null;null;
2014-02-11;null;null;null;
2014-02-12;null;null;null;
2014-02-13;null;null;null;
2014-02-14;null;null;null;
2014-02-15;null;null;null;
2014-02-16;null;null;null;
2014-02-17;null;null;null;
2014-02-18;null;null;null;
2014-02-19;null;null;null;
2014-02-20;null;null;null;
2014-02-21;null;null;null;
2014-02-22;null;null;null;
2014-02-23;null;null;null;
2014-02-24;null;null;null;
2014-02-25;null;null;null;
2014-02-26;null;null;null;
2014-02-27;null;null;null;
2014-02-28;null;null;null;
2014-03-01;null;null;null;
2014-03-02;null;null;null;
2014-03-03;null;null;null;
2014-03-04;null;null;null;
2014-03-05;null;null;null;
2014-03-06;null;null;null;
2014-03-07;null;null;null;
2014-03-08;null;null;null;
2014-03-09;null;null;null;
2014-03-10;null;null;null;
2014-03-11;null;null;null;
2014-03-12;null;null;null;
2014-03-13;null;null;null;
2014-03-14;null;null;null;
2014-03-15;null;null;null;
2014-03-16;null;null;null;
2014-03-17;null;null;null;
2014-03-18;null;null;null;
2014-03-19;null;null;null;
2014-03-20;null;null;null;
2014-03-21;null;null;null;
2014-03-22;null;null;null;
2014-03-23;null;null;null;
2014-03-24;null;null;null;
2014-03-25;null;null;null;
2014-03-26;null;null;null;
2014-03-27;null;null;null;
2014-03-28;null;null;null;
2014-03-29;null;null;null;
2014-03-30;null;null;null;
2014-03-31;null;null;null;
2014-04-01;null;null;null;
2014-04-02;null;null;null;
2014-04-03;null;null;null;
2014-04-04;null;null;null;
2014-04-05;null;null;null;
2014-04-06;null;null;null;
2014-04-07;null;null;null;
2014-04-08;null;null;null;
2014-04-09;null;null;null;
2014-04-10;null;null;null;
2014-04-11;null;null;null;
2014-04-12;null;null;null;
2014-04-13;null;null;null;
2014-04-14;null;null;null;
2014-04-15;null;null;null;
2014-04-16;null;null;null;
2014-04-17;null;null;null;
2014-04-18;null;null;null;
2014-04-19;null;null;null;
2014-04-20;null;null;null;
2014-04-21;null;null;null;
2014-04-22;null;null;null;
2014-04-23;null;null;null;
2014-04-24;null;null;null;
2014-04-25;null;null;null;
2014-04-26;null;null;null;
2014-04-27;null;null;null;
2014-04-28;null;null;null;
2014-04-29;null;null;null;
2014-04-30;null;null;null;
2014-05-01;null;null;null;
2014-05-02;null;null;null;
2014-05-03;null;null;null;
2014-05-04;null;null;null;
2014-05-05;null;null;null;
2014-05-06;null;null;null;
2014-05-07;null;null;null;
2014-05-08;null;null;null;
2014-05-09;null;null;null;
2014-05-10;null;null;null;
2014-05-11;null;null;null;
2014-05-12;null;null;null;
2014-05-13;null;null;null;
2014-05-14;null;null;null;
2014-05-15;null;null;null;
2014-05-16;null;null;null;
2014-05-17;null;null;null;
2014-05-18;null;null;null;
2014-05-19;null;null;null;
2014-05-20;null;null;null;
2014-05-21;null;null;null;
2014-05-22;null;null;null;
2014-05-23;null;null;null;
2014-05-24;null;null;null;
2014-05-25;null;null;null;
2014-05-26;null;null;null;
2014-05-27;null;null;null;
2014-05-28;null;null;null;
2014-05-29;null;null;null;
2014-05-30;null;null;null;
2014-05-31;null;null;null;
2014-06-01;null;null;null;
2014-06-02;null;null;null;
2014-06-03;null;null;null;
2014-06-04;null;null;null;
2014-06-05;null;null;null;
2014-06-06;null;null;null;
2014-06-07;null;null;null;
2014-06-08;null;null;null;
2014-06-09;null;null;null;
2014-06-10;null;null;null;
2014-06-11;null;null;null;
2014-06-12;null;null;null;
2014-06-13;null;null;null;
2014-06-14;null;null;null;
2014-06-15;null;null;null;
2014-06-16;null;null;null;
2014-06-17;null;null;null;
2014-06-18;null;null;null;
2014-06-19;null;null;null;
2014-06-20;null;null;null;
2014-06-21;null;null;null;
2014-06-22;null;null;null;
2014-06-23;null;null;null;
2014-06-24;null;null;null;
2014-06-25;null;null;null;
2014-06-26;null;null;null;
2014-06-27;null;null;null;
2014-06-28;null;null;null;
2014-06-29;null;null;null;
2014-06-30;null;null;null;
2014-07-01;null;null;null;
2014-07-02;null;null;null;
2014-07-03;null;null;null;
2014-07-04;null;null;null;
2014-07-05;null;null;null;
2014-07-06;null;null;null;
2014-07-07;null;null;null;
2014-07-08;null;null;null;
2014-07-09;null;null;null;
2014-07-10;null;null;null;
2014-07-11;null;null;null;
2014-07-12;null;null;null;
2014-07-13;null;null;null;
2014-07-14;null;null;null;
2014-07-15;null;null;null;
2014-07-16;null;null;null;
2014-07-17;null;null;null;
2014-07-18;null;null;null;
2014-07-19;null;null;null;
2014-07-20;null;null;null;
2014-07-21;null;null;null;
2014-07-22;null;null;null;
2014-07-23;null;null;null;
2014-07-24;null;null;null;
2014-07-25;null;null;null;
2014-07-26;null;null;null;
2014-07-27;null;null;null;
2014-07-28;null;null;null;
2014-07-29;null;null;null;
2014-07-30;null;null;null;
2014-07-31;null;null;null;
2014-08-01;null;null;null;
2014-08-02;null;null;null;
2014-08-03;null;null;null;
2014-08-04;null;null;null;
2014-08-05;null;null;null;
2014-08-06;null;null;null;
2014-08-07;null;null;null;
2014-08-08;null;null;null;
2014-08-09;null;null;null;
2014-08-10;null;null;null;
2014-08-11;null;null;null;
2014-08-12;null;null;null;
2014-08-13;null;null;null;
2014-08-14;null;null;null;
2014-08-15;null;null;null;
2014-08-16;null;null;null;
2014-08-17;null;null;null;
2014-08-18;null;null;null;
2014-08-19;null;null;null;
2014-08-20;null;null;null;
2014-08-21;null;null;null;
2014-08-22;null;null;null;
2014-08-23;null;null;null;
2014-08-24;null;null;null;
2014-08-25;null;null;null;
2014-08-26;null;null;null;
2014-08-27;null;null;null;
2014-08-28;null;null;null;
2014-08-29;null;null;null;
2014-08-30;null;null;null;
2014-08-31;null;null;null;
2014-09-01;null;null;null;
2014-09-02;null;null;null;
2014-09-03;null;null;null;
2014-09-04;null;null;null;
2014-09-05;null;null;null;
2014-09-06;null;null;null;
2014-09-07;null;null;null;
2014-09-08;null;null;null;
2014-09-09;null;null;null;
2014-09-10;null;null;null;
2014-09-11;null;null;null;
2014-09-12;null;null;null;
2014-09-13;null;null;null;
2014-09-14;null;null;null;
2014-09-15;null;null;null;
2014-09-16;null;null;null;
2014-09-17;null;null;null;
2014-09-18;null;null;null;
2014-09-19;null;null;null;
2014-09-20;null;null;null;
2014-09-21;null;null;null;
2014-09-22;null;null;null;
2014-09-23;null;null;null;
2014-09-24;null;null;null;
2014-09-25;null;null;null;
2014-09-26;null;null;null;
2014-09-27;,8;28,7;70,4;
2014-09-28;0;28,6;67,9;
2014-09-29;0;27,5;74,6;
2014-09-30;,6;28,7;69,9;
2014-10-01;0;27,3;76,1;
2014-10-02;12,6;27,2;75,5;
2014-10-03;3;26,5;77,6;
2014-10-04;27,8;26,3;81,5;
2014-10-05;10,6;26,4;79,9;
2014-10-06;1,8;25,3;85,9;
2014-10-07;6,4;25;87,5;
2014-10-08;2,4;26,4;81,1;
2014-10-09;0;26,9;78,9;
2014-10-10;0;27,4;76,1;
2014-10-11;0;24,9;83,5;
2014-10-12;3,4;25,9;78,1;
2014-10-13;,2;24,5;87,2;
2014-10-14;8,6;26;80,1;
2014-10-15;0;26,5;82,1;
2014-10-16;0;25,6;84,8;
2014-10-17;0;27,9;73,8;
2014-10-18;0;26,2;81;
2014-10-19;32,4;25,6;82,1;
2014-10-20;0;26,8;80,2;
2014-10-21;2;27;77,5;
2014-10-22;0;27;80,4;
2014-10-23;18;26,4;84,1;
2014-10-24;0;25,9;85,6;
2014-10-25;43;25,1;86,1;
2014-10-26;1;26,7;79,9;
2014-10-27;43,6;25,5;86;
2014-10-28;1,8;27,2;78,1;
2014-10-29;,6;27;78,2;
2014-10-30;,4;27,5;78,4;
2014-10-31;0;27,8;77,1;
2014-11-01;11,8;26,4;81,4;
2014-11-02;8,2;25,4;84,1;
2014-11-03;0;26,9;74,9;
2014-11-04;0;27;81,5;
2014-11-05;,4;27;80,8;
2014-11-06;8;26,7;81,5;
2014-11-07;2,8;26,8;81;
2014-11-08;0;28,3;77,5;
2014-11-09;0;27,1;84,5;
2014-11-10;25;26,5;80,4;
2014-11-11;0;26,3;83,8;
2014-11-12;9;26,2;85,1;
2014-11-13;15,2;24,1;89,8;
2014-11-14;5,8;25,5;84,5;
2014-11-15;1,4;26,2;81,8;
2014-11-16;0;25,7;83,3;
2014-11-17;,2;25,1;86,1;
2014-11-18;21,4;25,3;85,3;
2014-11-19;,2;26,8;81;
2014-11-20;0;27;76,8;
2014-11-21;0;24,9;87,6;
2014-11-22;3,6;25,7;84,5;
2014-11-23;0;26,6;80,9;
2014-11-24;,2;26,3;83,1;
2014-11-25;,8;26,3;85,6;
2014-11-26;8,4;25,6;87,7;
2014-11-27;1,6;23,4;93,2;
2014-11-28;52,6;25,5;82,7;
2014-11-29;0;27,5;77,6;
2014-11-30;0;28;75,4;
2014-12-01;0;29,1;74,3;
2014-12-02;16,4;26,6;81,1;
2014-12-03;14,2;26,5;82,8;
2014-12-04;0;26,1;84,1;
2014-12-05;2,2;26,5;82,3;
2014-12-06;0;25,4;86,5;
2014-12-07;24,8;26;84,7;
2014-12-08;9,2;25,2;87,5;
2014-12-09;1,4;27;77,8;
2014-12-10;0;27,6;78,1;
2014-12-11;217;24,9;86,8;
2014-12-12;0;26,8;77,8;
2014-12-13;0;26,3;81,5;
2014-12-14;26,2;25,7;82,8;
2014-12-15;76,8;24,9;88,2;
2014-12-16;3,2;26,4;80,7;
2014-12-17;0;27,1;79,9;
2014-12-18;0;28,1;77,1;
2014-12-19;23,4;26,7;80,5;
2014-12-20;,2;26,4;80,2;
2014-12-21;0;27,9;77,7;
2014-12-22;0;27,5;78,5;
2014-12-23;2,8;25,4;87,9;
2014-12-24;16,6;27;79,6;
2014-12-25;7,2;25,5;87,5;
2014-12-26;74,2;25,5;87,7;
2014-12-27;1,2;26,4;84,9;
2014-12-28;5,2;26,5;82,2;
2014-12-29;34,2;25,5;86,5;
2014-12-30;7,2;26,1;83,2;
2014-12-31;1,6;26,6;82,5;
2015-01-01;18,6;27,2;78,9;
2015-01-02;1,4;26,7;80,9;
2015-01-03;4,6;26,7;80,4;
2015-01-04;12,8;25,4;86;
2015-01-05;,2;25,8;81,9;
2015-01-06;5,8;26,3;81,2;
2015-01-07;62,8;25,4;84,4;
2015-01-08;2,6;26,5;79,4;
2015-01-09;1,6;26;82,5;
2015-01-10;7,8;26,3;81,5;
2015-01-11;15;26;80,8;
2015-01-12;0;26,1;80;
2015-01-13;,2;25,9;82;
2015-01-14;12,4;25,9;82;
2015-01-15;0;25,8;84,5;
2015-01-16;1,6;25,2;86,6;
2015-01-17;2,4;24,8;85,2;
2015-01-18;1,4;25,7;83,8;
2015-01-19;26,6;25,3;86,2;
2015-01-20;2,6;23,8;92,1;
2015-01-21;9,6;25,5;83;
2015-01-22;6,6;25,5;85,7;
2015-01-23;,2;25,5;88;
2015-01-24;21,6;25;87,3;
2015-01-25;3,8;25,8;84;
2015-01-26;5,2;26,9;79;
2015-01-27;,4;26,3;83,5;
2015-01-28;10;25,6;87,6;
2015-01-29;4;27;80,5;
2015-01-30;,2;27;81,8;
2015-01-31;1,8;26,3;83,7;
2015-02-01;44,6;24,4;85,9;
2015-02-02;,2;26,8;79,2;
2015-02-03;0;25,8;85,8;
2015-02-04;4;26,1;85;
2015-02-05;,4;26,7;82;
2015-02-06;0;25,8;84,8;
2015-02-07;4,4;26,9;81,3;
2015-02-08;49,6;25;90,2;
2015-02-09;1;26,4;83,5;
2015-02-10;8,6;26,1;84,7;
2015-02-11;,6;25,8;86,3;
2015-02-12;,8;26,5;83,1;
2015-02-13;5,8;26,7;82;
2015-02-14;0;26,7;85,2;
2015-02-15;6,8;26,7;82,7;
2015-02-16;0;25,9;85,5;
2015-02-17;,2;26,3;86;
2015-02-18;4,8;26,3;82,7;
2015-02-19;31,8;24,1;91,7;
2015-02-20;43;26;82,2;
2015-02-21;85,2;24,2;91;
2015-02-22;10,2;25;85,3;
2015-02-23;0;25,2;84,5;
2015-02-24;,2;26,9;81,4;
2015-02-25;48,8;25,1;87,3;
2015-02-26;,4;25;87;
2015-02-27;21,8;26,5;77,5;
2015-02-28;,2;27;78,6;
2015-03-01;,6;25,4;86,6;
2015-03-02;23,2;26,5;79,2;
2015-03-03;0;25,9;86,3;
2015-03-04;,4;25,8;84,3;
2015-03-05;10,4;26,6;80,8;
2015-03-06;3,4;25,6;86,6;
2015-03-07;6,8;26,1;81,6;
2015-03-08;0;27,6;78,8;
2015-03-09;4,2;27,9;79;
2015-03-10;6,2;27,1;82,9;
2015-03-11;62,6;26,9;82,7;
2015-03-12;7,6;27,5;77;
2015-03-13;6,2;26,9;83,1;
2015-03-14;,2;27,1;84,3;
2015-03-15;3;26,3;82,9;
2015-03-16;0;25,7;88;
2015-03-17;4,6;26,4;85,6;
2015-03-18;107;25,3;88,4;
2015-03-19;14;null;89,8;
2015-03-20;null;24,7;90,4;
2015-03-21;8;25,2;87,2;
2015-03-22;2,8;24,2;90;
2015-03-23;17,4;24,8;86,1;
2015-03-24;,6;26,3;84,4;
2015-03-25;,2;26,8;82,5;
2015-03-26;0;26,5;83,7;
2015-03-27;0;27,5;79,1;
2015-03-28;0;28,2;78,5;
2015-03-29;14,8;26,3;86,8;
2015-03-30;48,2;25,6;88,4;
2015-03-31;12,6;26,4;82,8;
2015-04-01;2;26,9;80,1;
2015-04-02;,2;27,9;77,3;
2015-04-03;2,2;27;82,1;
2015-04-04;,8;26,2;85,8;
2015-04-05;1,6;26,6;82,9;
2015-04-06;,2;26,7;82,7;
2015-04-07;4,6;25,4;87;
2015-04-08;0;26,6;82,5;
2015-04-09;,2;25,6;88,5;
2015-04-10;4,4;26,2;86,8;
2015-04-11;10,4;25,9;84,9;
2015-04-12;,6;26,6;83,5;
2015-04-13;,6;26,6;82;
2015-04-14;28;26,1;81,8;
2015-04-15;0;26,5;87,4;
2015-04-16;30;24,7;92,4;
2015-04-17;34,2;26,1;84,8;
2015-04-18;0;26,8;82,9;
2015-04-19;15,4;26,1;85,3;
2015-04-20;0;27,1;82,1;
2015-04-21;4,2;26,6;83,6;
2015-04-22;,2;25,8;87,7;
2015-04-23;53;24,8;90,6;
2015-04-24;9,2;26,1;85,9;
2015-04-25;1;26,6;84,3;
2015-04-26;6,4;26,7;85;
2015-04-27;1,4;27;84,7;
2015-04-28;59,8;25,7;87,2;
2015-04-29;20,2;26,5;83,2;
2015-04-30;8;26;86,5;
2015-05-01;3,4;26,3;86,2;
2015-05-02;30,4;24,9;85,5;
2015-05-03;,2;26,8;83,6;
2015-05-04;0;27,4;80;
2015-05-05;11;25,4;89,6;
2015-05-06;35,4;25,9;83,2;
2015-05-07;0;26,4;84,8;
2015-05-08;5,8;25,9;87;
2015-05-09;1,2;26;87,1;
2015-05-10;21,8;26,1;85;
2015-05-11;,8;26,1;85,3;
2015-05-12;4,4;26,2;84,8;
2015-05-13;0;26,6;82,9;
2015-05-14;0;25,3;89,5;
2015-05-15;,2;25,7;85,7;
2015-05-16;19;25,8;84;
2015-05-17;0;25,3;89,3;
2015-05-18;17,8;26,8;83,1;
2015-05-19;0;27,7;79;
2015-05-20;0;27,3;79,3;
2015-05-21;,2;27,6;78,6;
2015-05-22;0;26,1;84,7;
2015-05-23;0;26,5;84;
2015-05-24;1;24,7;92,6;
2015-05-25;18,4;25,9;84,4;
2015-05-26;,2;25,9;86;
2015-05-27;14,4;26,3;83,4;
2015-05-28;,2;27,3;81;
2015-05-29;0;26,2;87,2;
2015-05-30;7,2;25,6;87,9;
2015-05-31;1,6;26;88,4;
2015-06-01;,2;27,3;81,2;
2015-06-02;1,8;27,1;82,6;
2015-06-03;6,2;27,4;82,7;
2015-06-04;,2;26,4;84,4;
2015-06-05;,4;26,8;80,1;
2015-06-06;0;27,1;80,8;
2015-06-07;,4;26,1;82,3;
2015-06-08;5,8;25,8;84,3;
2015-06-09;,2;26,5;80,5;
2015-06-10;0;27;79,4;
2015-06-11;,2;27,1;80,4;
2015-06-12;2,4;27,2;80,6;
2015-06-13;,2;26,6;78,3;
2015-06-14;0;26,1;80,4;
2015-06-15;,2;27,1;80,6;
2015-06-16;3,4;27,3;81,1;
2015-06-17;1;26,3;83,6;
2015-06-18;2,2;25,5;85,9;
2015-06-19;7,2;23,3;88,4;
2015-06-20;0;23,2;83,1;
2015-06-21;,2;25;81,6;
2015-06-22;0;25,9;79,9;
2015-06-23;,2;26,2;78;
2015-06-24;0;26,3;76,2;
2015-06-25;0;25,6;76,2;
2015-06-26;,2;25,4;74,3;
2015-06-27;0;25,8;75,5;
2015-06-28;0;26,3;78,4;
2015-06-29;,2;26,1;75,7;
2015-06-30;0;26,4;77,7;
2015-07-01;0;26,4;77,4;
2015-07-02;0;26,1;75,8;
2015-07-03;,2;25,7;77;
2015-07-04;0;25,6;83,7;
2015-07-05;15,8;23,7;88,6;
2015-07-06;1,2;24,3;84;
2015-07-07;0;24,5;84,5;
2015-07-08;,4;24,6;83,2;
2015-07-09;0;26,1;79,9;
2015-07-10;0;27,1;78,3;
2015-07-11;,2;27,1;78,1;
2015-07-12;0;26,1;77,9;
2015-07-13;0;26,4;76,5;
2015-07-14;0;25,7;81,5;
2015-07-15;1,6;26,5;78,2;
2015-07-16;0;26,9;77,1;
2015-07-17;0;26,7;75,6;
2015-07-18;,2;26,6;72,3;
2015-07-19;0;25,6;73,9;
2015-07-20;0;26;75,7;
2015-07-21;0;27;74,2;
2015-07-22;2;25,9;79,2;
2015-07-23;0;26,5;76,3;
2015-07-24;0;26,8;73,5;
2015-07-25;0;26,2;72,1;
2015-07-26;,2;25,8;70,2;
2015-07-27;0;26,2;73,5;
2015-07-28;0;27,1;73,8;
2015-07-29;0;27,3;70,6;
2015-07-30;0;27;69,1;
2015-07-31;0;26,8;72,2;
2015-08-01;0;27,3;71;
2015-08-02;0;26,5;69,8;
2015-08-03;,2;26,5;68,9;
2015-08-04;0;27,7;70,3;
2015-08-05;0;28,1;69,8;
2015-08-06;0;28,1;71;
2015-08-07;0;27,7;77;
2015-08-08;0;28;72,4;
2015-08-09;0;27,6;70,3;
2015-08-10;0;27,7;71,8;
2015-08-11;1,8;27,6;74,3;
2015-08-12;0;27,4;69,9;
2015-08-13;0;27,3;66,8;
2015-08-14;0;27,6;66;
2015-08-15;0;27,3;66,4;
2015-08-16;0;27,2;66,1;
2015-08-17;0;27,9;65;
2015-08-18;0;28;64,5;
2015-08-19;0;28,6;63,9;
2015-08-20;0;28,2;64,2;
2015-08-21;0;27,8;64;
2015-08-22;0;27,7;66;
2015-08-23;0;28,6;64,8;
2015-08-24;0;28,8;63,2;
2015-08-25;0;29;66,4;
2015-08-26;0;28,4;70,3;
2015-08-27;1,8;27,3;75,5;
2015-08-28;,2;27,5;72,8;
2015-08-29;0;28,1;69,4;
2015-08-30;0;26,4;78,4;
2015-08-31;5,8;26,2;80;
2015-09-01;16,8;26,9;74,6;
2015-09-02;0;27,9;74,6;
2015-09-03;0;27,9;75,6;
2015-09-04;0;27,4;73,9;
2015-09-05;0;27,3;78,3;
2015-09-06;,6;28,3;71,5;
2015-09-07;0;29,7;67;
2015-09-08;0;28;73,5;
2015-09-09;,2;28,9;65,2;
2015-09-10;0;29,2;61,1;
2015-09-11;0;29,5;58,8;
2015-09-12;0;29,4;59,3;
2015-09-13;0;28,4;65,9;
2015-09-14;0;28,8;68,2;
2015-09-15;0;27,3;75,8;
2015-09-16;6,6;27,8;75,4;
2015-09-17;1,4;29,4;68,5;
2015-09-18;0;29,7;67,5;
2015-09-19;0;28,2;72,1;
2015-09-20;5,2;28,3;72,2;
2015-09-21;0;29,6;68,5;
2015-09-22;0;30;63;
2015-09-23;0;29,6;64,3;
2015-09-24;0;27,8;76,3;
2015-09-25;0;29,4;65,5;
2015-09-26;0;29,7;62,9;
2015-09-27;0;29,9;63,2;
2015-09-28;0;27,8;70,4;
2015-09-29;0;27,1;74;
2015-09-30;27,4;25;85,2;
2015-10-01;22;27,1;76,7;
2015-10-02;0;27,2;76,5;
2015-10-03;5,6;28,8;72,3;
2015-10-04;,2;29,6;70;
2015-10-05;0;30,1;68,8;
2015-10-06;0;27,3;79;
2015-10-07;34,4;24,4;88,3;
2015-10-08;0;27,2;75,1;
2015-10-09;0;28,8;73,3;
2015-10-10;0;27,1;76,6;
2015-10-11;0;26,8;79,7;
2015-10-12;0;26,6;81;
2015-10-13;68,4;26,2;81,7;
2015-10-14;,6;28;78,4;
2015-10-15;0;28,6;74;
2015-10-16;0;29;72,5;
2015-10-17;8,6;26,7;79,6;
2015-10-18;,2;28;75,6;
2015-10-19;0;28,7;72,2;
2015-10-20;0;28,9;68,9;
2015-10-21;0;29,3;71,5;
2015-10-22;0;29,7;70,3;
2015-10-23;0;30,4;70;
2015-10-24;0;29,6;72,8;
2015-10-25;4,8;27,4;76,4;
2015-10-26;9;27,2;77,5;
2015-10-27;0;28,7;72,8;
2015-10-28;0;27,6;73,2;
2015-10-29;48,2;25,3;83,4;
2015-10-30;,4;27,4;78,3;
2015-10-31;12;28,5;76;
2015-11-01;0;28,6;76,7;
2015-11-02;0;26,4;80,9;
2015-11-03;14,2;26,4;85;
2015-11-04;2,6;26,7;84,1;
2015-11-05;4;26,5;82,8;
2015-11-06;8;24,3;91,3;
2015-11-07;22,2;26;81,7;
2015-11-08;0;27,6;77,3;
2015-11-09;0;28,9;75,1;
2015-11-10;0;28,7;74;
2015-11-11;1,4;27,4;76,5;
2015-11-12;0;27,6;76,7;
2015-11-13;0;29,5;72,7;
2015-11-14;0;29,5;71,8;
2015-11-15;0;28,8;70,5;
2015-11-16;0;28,3;73,8;
2015-11-17;0;28,4;73,3;
2015-11-18;0;28,7;72,3;
2015-11-19;0;29,4;69,8;
2015-11-20;0;27,9;79,8;
2015-11-21;21,8;27,1;79;
2015-11-22;,8;27,5;81,4;
2015-11-23;19,2;26,3;84,4;
2015-11-24;32,6;28,1;78,4;
2015-11-25;0;28,9;72,3;
2015-11-26;0;28,1;79,7;
2015-11-27;,2;27,8;78,6;
2015-11-28;,4;28,6;77,7;
2015-11-29;1,6;28,3;78,8;
2015-11-30;0;27;85,4;
2015-12-01;35,4;26,6;83,3;
2015-12-02;0;28,1;77,6;
2015-12-03;2,2;27,5;80,6;
2015-12-04;0;27,3;76,8;
2015-12-05;0;28;73,6;
2015-12-06;0;28;76,4;
2015-12-07;2,2;26,6;82,5;
2015-12-08;,6;26,6;83,3;
2015-12-09;2,8;26,5;85,2;
2015-12-10;0;27,7;79,2;
2015-12-11;0;29;76,3;
2015-12-12;0;28,6;77,5;
2015-12-13;,2;27,1;82,3;
2015-12-14;9,6;26,9;81,3;
2015-12-15;0;26,4;82;
2015-12-16;2;26,7;80,1;
2015-12-17;,2;27,8;77,4;
2015-12-18;0;28;79,9;
2015-12-19;50,4;26,1;84,2;
2015-12-20;2,8;25;88,5;
2015-12-21;2;25,9;81,2;
2015-12-22;,2;27,2;79,2;
2015-12-23;0;27,9;78,1;
2015-12-24;3;25,7;88;
2015-12-25;21,2;25;87,9;
2015-12-26;1;26,5;80,4;
2015-12-27;1,6;27,3;79,1;
2015-12-28;0;27;83;
2015-12-29;0;26,2;83,3;
2015-12-30;9,6;26,4;85,8;
2015-12-31;3,6;26,8;83,6;
2016-01-01;,4;26,5;86;
2016-01-02;32,6;26,4;84;
2016-01-03;3,4;26,8;80,9;
2016-01-04;null;null;null;
2016-01-05;null;null;null;
2016-01-06;null;null;null;
2016-01-07;null;null;null;
2016-01-08;null;null;null;
2016-01-09;null;null;null;
2016-01-10;null;null;null;
2016-01-11;null;null;null;
2016-01-12;null;null;null;
2016-01-13;null;null;null;
2016-01-14;null;null;null;
2016-01-15;null;null;null;
2016-01-16;null;null;null;
2016-01-17;null;null;null;
2016-01-18;null;null;null;
2016-01-19;null;null;null;
2016-01-20;null;null;null;
2016-01-21;null;null;null;
2016-01-22;null;null;null;
2016-01-23;null;null;null;
2016-01-24;null;null;null;
2016-01-25;null;null;null;
2016-01-26;null;null;null;
2016-01-27;null;null;null;
2016-01-28;null;null;null;
2016-01-29;null;null;null;
2016-01-30;null;null;null;
2016-01-31;null;null;null;
2016-02-01;null;null;null;
2016-02-02;null;null;null;
2016-02-03;null;null;null;
2016-02-04;null;null;null;
2016-02-05;null;null;null;
2016-02-06;null;null;null;
2016-02-07;null;null;null;
2016-02-08;null;null;null;
2016-02-09;null;null;null;
2016-02-10;null;null;null;
2016-02-11;null;null;null;
2016-02-12;null;null;null;
2016-02-13;null;null;null;
2016-02-14;null;null;null;
2016-02-15;null;null;null;
2016-02-16;null;null;null;
2016-02-17;null;null;null;
2016-02-18;null;null;null;
2016-02-19;null;null;null;
2016-02-20;null;null;null;
2016-02-21;null;null;null;
2016-02-22;null;null;null;
2016-02-23;null;null;null;
2016-02-24;null;null;null;
2016-02-25;null;null;null;
2016-02-26;null;null;null;
2016-02-27;null;null;null;
2016-02-28;null;null;null;
2016-02-29;null;null;null;
2016-03-01;null;null;null;
2016-03-02;null;null;null;
2016-03-03;null;null;null;
2016-03-04;null;null;null;
2016-03-05;null;null;null;
2016-03-06;null;null;null;
2016-03-07;null;null;null;
2016-03-08;null;null;null;
2016-03-09;null;null;null;
2016-03-10;null;null;null;
2016-03-11;null;null;null;
2016-03-12;null;null;null;
2016-03-13;null;null;null;
2016-03-14;null;null;null;
2016-03-15;null;null;null;
2016-03-16;null;null;null;
2016-03-17;null;null;null;
2016-03-18;null;null;null;
2016-03-19;null;null;null;
2016-03-20;null;null;null;
2016-03-21;null;null;null;
2016-03-22;null;null;null;
2016-03-23;null;null;null;
2016-03-24;null;null;null;
2016-03-25;null;null;null;
2016-03-26;null;null;null;
2016-03-27;null;null;null;
2016-03-28;null;null;null;
2016-03-29;null;null;null;
2016-03-30;null;null;null;
2016-03-31;null;null;null;
2016-04-01;null;null;null;
2016-04-02;null;null;null;
2016-04-03;null;null;null;
2016-04-04;null;null;null;
2016-04-05;null;null;null;
2016-04-06;null;null;null;
2016-04-07;null;null;null;
2016-04-08;null;null;null;
2016-04-09;null;null;null;
2016-04-10;null;null;null;
2016-04-11;null;null;null;
2016-04-12;null;null;null;
2016-04-13;null;null;null;
2016-04-14;null;null;null;
2016-04-15;null;null;null;
2016-04-16;null;null;null;
2016-04-17;null;null;null;
2016-04-18;null;null;null;
2016-04-19;null;null;null;
2016-04-20;null;null;null;
2016-04-21;null;null;null;
2016-04-22;null;null;null;
2016-04-23;null;null;null;
2016-04-24;null;null;null;
2016-04-25;null;null;null;
2016-04-26;null;null;null;
2016-04-27;null;null;null;
2016-04-28;null;null;null;
2016-04-29;null;null;null;
2016-04-30;null;null;null;
2016-05-01;null;null;null;
2016-05-02;null;null;null;
2016-05-03;null;null;null;
2016-05-04;null;null;null;
2016-05-05;null;null;null;
2016-05-06;null;null;null;
2016-05-07;null;null;null;
2016-05-08;null;null;null;
2016-05-09;null;null;null;
2016-05-10;null;null;null;
2016-05-11;null;null;null;
2016-05-12;null;null;null;
2016-05-13;null;null;null;
2016-05-14;null;null;null;
2016-05-15;null;null;null;
2016-05-16;null;null;null;
2016-05-17;null;null;null;
2016-05-18;null;null;null;
2016-05-19;null;null;null;
2016-05-20;null;null;null;
2016-05-21;null;null;null;
2016-05-22;null;null;null;
2016-05-23;null;null;null;
2016-05-24;null;null;null;
2016-05-25;null;null;null;
2016-05-26;null;null;null;
2016-05-27;null;null;null;
2016-05-28;null;null;null;
2016-05-29;null;null;null;
2016-05-30;null;null;null;
2016-05-31;null;null;null;
2016-06-01;null;null;null;
2016-06-02;null;null;null;
2016-06-03;null;null;null;
2016-06-04;null;null;null;
2016-06-05;null;null;null;
2016-06-06;null;null;null;
2016-06-07;null;null;null;
2016-06-08;null;null;null;
2016-06-09;null;null;null;
2016-06-10;null;null;null;
2016-06-11;null;null;null;
2016-06-12;null;null;null;
2016-06-13;null;null;null;
2016-06-14;null;null;null;
2016-06-15;null;null;null;
2016-06-16;null;null;null;
2016-06-17;null;null;null;
2016-06-18;null;null;null;
2016-06-19;null;null;null;
2016-06-20;null;null;null;
2016-06-21;null;null;null;
2016-06-22;null;null;null;
2016-06-23;null;null;null;
2016-06-24;null;null;null;
2016-06-25;null;null;null;
2016-06-26;null;null;null;
2016-06-27;null;null;null;
2016-06-28;null;null;null;
2016-06-29;null;null;null;
2016-06-30;null;null;null;
2016-07-01;null;null;null;
2016-07-02;null;null;null;
2016-07-03;null;null;null;
2016-07-04;null;null;null;
2016-07-05;null;null;null;
2016-07-06;null;null;null;
2016-07-07;null;null;null;
2016-07-08;null;null;null;
2016-07-09;null;null;null;
2016-07-10;null;null;null;
2016-07-11;null;null;null;
2016-07-12;null;null;null;
2016-07-13;null;null;null;
2016-07-14;null;null;null;
2016-07-15;null;null;null;
2016-07-16;null;null;null;
2016-07-17;null;null;null;
2016-07-18;null;null;null;
2016-07-19;null;null;null;
2016-07-20;null;null;null;
2016-07-21;null;null;null;
2016-07-22;null;null;null;
2016-07-23;null;null;null;
2016-07-24;null;null;null;
2016-07-25;null;null;null;
2016-07-26;null;null;null;
2016-07-27;null;null;null;
2016-07-28;null;null;null;
2016-07-29;null;null;null;
2016-07-30;null;null;null;
2016-07-31;null;null;null;
2016-08-01;null;null;null;
2016-08-02;null;null;null;
2016-08-03;null;null;null;
2016-08-04;null;null;null;
2016-08-05;null;null;null;
2016-08-06;null;null;null;
2016-08-07;null;null;null;
2016-08-08;null;null;null;
2016-08-09;null;null;null;
2016-08-10;null;null;null;
2016-08-11;null;null;null;
2016-08-12;null;null;null;
2016-08-13;null;null;null;
2016-08-14;null;null;null;
2016-08-15;null;null;null;
2016-08-16;null;null;null;
2016-08-17;null;null;null;
2016-08-18;null;null;null;
2016-08-19;null;null;null;
2016-08-20;null;null;null;
2016-08-21;null;null;null;
2016-08-22;null;null;null;
2016-08-23;null;null;null;
2016-08-24;null;null;null;
2016-08-25;null;null;null;
2016-08-26;null;null;null;
2016-08-27;null;null;null;
2016-08-28;null;null;null;
2016-08-29;null;null;null;
2016-08-30;null;null;null;
2016-08-31;null;null;null;
2016-09-01;null;null;null;
2016-09-02;null;null;null;
2016-09-03;null;null;null;
2016-09-04;null;null;null;
2016-09-05;null;null;null;
2016-09-06;null;null;null;
2016-09-07;null;null;null;
2016-09-08;null;null;null;
2016-09-09;null;null;null;
2016-09-10;null;null;null;
2016-09-11;null;null;null;
2016-09-12;null;null;null;
2016-09-13;null;null;null;
2016-09-14;null;null;null;
2016-09-15;null;null;null;
2016-09-16;null;null;null;
2016-09-17;9,6;27,6;74,5;
2016-09-18;0;25,1;86,2;
2016-09-19;13,6;25,2;82;
2016-09-20;26,4;25,4;83,3;
2016-09-21;0;27,2;75,8;
2016-09-22;0;27,3;77,3;
2016-09-23;0;27,4;75;
2016-09-24;0;27,1;76,1;
2016-09-25;0;27,6;75,5;
2016-09-26;0;25,7;83,6;
2016-09-27;47;26,1;80,5;
2016-09-28;0;28,1;74,4;
2016-09-29;0;26,6;81,5;
2016-09-30;21,2;25,9;83,3;
2016-10-01;4,6;27,1;80,7;
2016-10-02;0;26,8;81,8;
2016-10-03;0;28,2;75,3;
2016-10-04;0;28;75;
2016-10-05;0;29,1;74,3;
2016-10-06;1,6;25,8;86,1;
2016-10-07;9;26,8;79,5;
2016-10-08;,2;28;75,3;
2016-10-09;62,8;26,4;83,1;
2016-10-10;0;27,7;79,1;
2016-10-11;9,4;27,3;79,1;
2016-10-12;0;28,4;77,3;
2016-10-13;0;28,5;76,5;
2016-10-14;0;28,9;74,9;
2016-10-15;0;29,4;72,6;
2016-10-16;0;29,1;73,5;
2016-10-17;0;28,9;69,1;
2016-10-18;0;29;71,6;
2016-10-19;0;29,2;70,2;
2016-10-20;0;29,8;70,4;
2016-10-21;0;27,3;80,5;
2016-10-22;3,6;27,7;77,5;
2016-10-23;0;25,3;86,3;
2016-10-24;2,6;25,9;83,3;
2016-10-25;0;26,5;79,7;
2016-10-26;,8;26,7;82,4;
2016-10-27;0;24,6;87,7;
2016-10-28;41,6;25,2;84,2;
2016-10-29;3,2;26,6;77,6;
2016-10-30;3,4;26;84,4;
2016-10-31;1,2;26,2;81,5;
2016-11-01;3,4;27,9;76,3;
2016-11-02;,2;28,9;74;
2016-11-03;31;24,6;88,8;
2016-11-04;39,2;25,9;82,3;
2016-11-05;0;27,7;78,6;
2016-11-06;0;27,4;82,2;
2016-11-07;,2;26,7;82,7;
2016-11-08;0;26,9;82,4;
2016-11-09;,6;26,6;84,1;
2016-11-10;,2;27,2;82,8;
2016-11-11;2,4;26,7;84,5;
2016-11-12;0;24,9;90,4;
2016-11-13;48,6;24,3;92,5;
2016-11-14;18,6;26,3;82;
2016-11-15;0;28,2;76,3;
2016-11-16;0;27,1;82,8;
2016-11-17;1,2;25,4;84,2;
2016-11-18;2,4;24,8;85,1;
2016-11-19;0;24,4;84;
2016-11-20;0;26,5;77,7;
2016-11-21;0;27,3;81,9;
2016-11-22;5,2;27,5;81,3;
2016-11-23;0;26,7;86,2;
2016-11-24;3;26,3;85,1;
2016-11-25;7,4;27,7;80,4;
2016-11-26;3,8;27,2;82,9;
2016-11-27;,8;26,7;81,1;
2016-11-28;0;27,5;80,5;
2016-11-29;0;28;78,5;
2016-11-30;0;27,5;79;
2016-12-01;51,2;27;80,6;
2016-12-02;0;27,1;79,5;
2016-12-03;0;27,4;80,2;
2016-12-04;1,4;26,5;81;
2016-12-05;7,2;25;89;
2016-12-06;8;26,7;81;
2016-12-07;0;27;82,1;
2016-12-08;0;27,2;79,5;
2016-12-09;,8;26,8;82,7;
2016-12-10;43,2;26,2;83,1;
2016-12-11;2,8;26,4;83,9;
2016-12-12;,2;27,1;80,5;
2016-12-13;4;26,7;84,1;
2016-12-14;5,8;26,2;87;
2016-12-15;34;26,1;83,5;
2016-12-16;0;26,3;84,3;
2016-12-17;0;26;85,7;
2016-12-18;21;26,3;82,1;
2016-12-19;0;25,1;87,9;
2016-12-20;10,6;24,6;92,5;
2016-12-21;21,4;23,7;92,6;
2016-12-22;13,4;24,8;85,4;
2016-12-23;,4;26;81,8;
2016-12-24;,4;26,6;82,3;
2016-12-25;22,2;26,9;83;
2016-12-26;24;25,6;84,3;
2016-12-27;28,2;26,2;84,8;
2016-12-28;0;27,2;82,1;
2016-12-29;5,8;24;91,6;
2016-12-30;5,4;24,1;88;
2016-12-31;9,4;25,4;86,1;
2017-01-01;9,6;24,6;88,3;
2017-01-02;1;25,4;87,3;
2017-01-03;1,2;25,6;87,6;
2017-01-04;4,2;26,2;84,3;
2017-01-05;9;26,7;83,5;
2017-01-06;14,2;25,8;87,5;
2017-01-07;18;23,5;91,5;
2017-01-08;11,4;25,5;83,7;
2017-01-09;54,2;26,2;82,1;
2017-01-10;0;27,7;78;
2017-01-11;4,4;26,4;85,9;
2017-01-12;37,6;25,5;86,4;
2017-01-13;67,6;25,9;83;
2017-01-14;11,8;26;83,4;
2017-01-15;0;26;86,5;
2017-01-16;8,4;27,1;81;
2017-01-17;37,2;24,4;85,8;
2017-01-18;,2;25,7;86,4;
2017-01-19;0;26,7;80,3;
2017-01-20;64;23,9;92,2;
2017-01-21;33,8;26;84,3;
2017-01-22;,8;24,2;90,2;
2017-01-23;57,6;25,6;82;
2017-01-24;0;27,2;77,9;
2017-01-25;0;28,2;77,3;
2017-01-26;0;26;87,2;
2017-01-27;21,6;26,2;82,2;
2017-01-28;15,2;26,3;83,8;
2017-01-29;40,4;25;88,9;
2017-01-30;6,2;26,2;84,3;
2017-01-31;47,2;25,1;89,2;
2017-02-01;,2;25,4;85,7;
2017-02-02;0;26;83,4;
2017-02-03;1,8;26,5;85,4;
2017-02-04;1,8;26,5;80,9;
2017-02-05;10,4;25,9;83,5;
2017-02-06;,2;26,2;83,5;
2017-02-07;,2;27,5;80,6;
2017-02-08;50;25;87,7;
2017-02-09;0;26,6;81,6;
2017-02-10;0;26,3;84;
2017-02-11;9,8;25,7;90;
2017-02-12;8;25,2;88,1;
2017-02-13;9,8;25,6;86,6;
2017-02-14;16,8;25,7;86,3;
2017-02-15;41,6;24,6;90,2;
2017-02-16;5,4;26,5;82;
2017-02-17;34,8;26,1;83,1;
2017-02-18;0;26,6;81,9;
2017-02-19;0;26,6;82,8;
2017-02-20;0;27,2;79,3;
2017-02-21;117,2;24,3;91;
2017-02-22;6,2;25,1;87;
2017-02-23;1,2;26,5;83,1;
2017-02-24;38,2;24;92,2;
2017-02-25;27,4;25,3;84,5;
2017-02-26;11,4;25,7;83,7;
2017-02-27;5,8;25,7;84,2;
2017-02-28;0;26,6;79,7;
2017-03-01;,2;26,6;80,2;
2017-03-02;0;24,9;88,7;
2017-03-03;32,2;26,1;85;
2017-03-04;,2;27,4;79,8;
2017-03-05;0;26,9;82,2;
2017-03-06;12,2;27;83,8;
2017-03-07;36,2;26,5;84;
2017-03-08;2,6;26,7;84,2;
2017-03-09;,2;26,6;83,4;
2017-03-10;,2;25,8;89,6;
2017-03-11;44,2;26,7;82,6;
2017-03-12;89,8;25,6;88,1;
2017-03-13;21,2;25,1;92,7;
2017-03-14;50,8;26,4;81,9;
2017-03-15;0;27,3;81;
2017-03-16;0;26,7;83;
2017-03-17;23,2;23,7;92,9;
2017-03-18;12,2;25,3;86,2;
2017-03-19;2;24,2;92,5;
2017-03-20;8;25,2;87,3;
2017-03-21;6,2;25,2;88,5;
2017-03-22;8,6;27;80,8;
2017-03-23;,2;27;84,6;
2017-03-24;40,6;25,8;87,2;
2017-03-25;44,4;26,6;83,1;
2017-03-26;,4;27,4;79,4;
2017-03-27;,2;28,1;79;
2017-03-28;0;25,2;90,6;
2017-03-29;53,6;25,7;84,5;
2017-03-30;0;27,1;81,5;
2017-03-31;9,6;24,9;92,2;
2017-04-01;36;26,2;85,2;
2017-04-02;0;26,3;87;
2017-04-03;11,2;26,8;82;
2017-04-04;4,8;26,2;84,9;
2017-04-05;0;26,4;85,1;
2017-04-06;8;26,7;84,5;
2017-04-07;33,8;25,9;84,5;
2017-04-08;0;26,8;80,6;
2017-04-09;,4;27,7;79,9;
2017-04-10;0;27,1;82,8;
2017-04-11;5,8;26,2;84;
2017-04-12;0;26,8;80,5;
2017-04-13;0;27;83;
2017-04-14;6,4;26;87,4;
2017-04-15;1,8;27;82;
2017-04-16;1,2;26,3;83,6;
2017-04-17;11;26,7;81,6;
2017-04-18;13,2;25,6;87,5;
2017-04-19;,6;27,1;80,5;
2017-04-20;0;27,3;81;
2017-04-21;,2;26,6;85,4;
2017-04-22;14;25,4;90,2;
2017-04-23;4,8;25,8;85,8;
2017-04-24;0;27,2;80,3;
2017-04-25;0;26,1;86,1;
2017-04-26;9,6;26,7;83,4;
2017-04-27;0;24,8;92,6;
2017-04-28;59,4;24,5;88,5;
2017-04-29;,2;25,6;82,8;
2017-04-30;40,4;25,9;87,4;
2017-05-01;3,4;27;81,9;
2017-05-02;,2;26,9;82,6;
2017-05-03;0;26,9;81,3;
2017-05-04;,2;27,1;81,1;
2017-05-05;,2;27,6;81;
2017-05-06;,6;27,2;83,5;
2017-05-07;,2;27,5;80,7;
2017-05-08;,8;27,5;80;
2017-05-09;0;26,1;87,9;
2017-05-10;4;26,7;82,7;
2017-05-11;0;27,2;80,5;
2017-05-12;3;25,7;87,8;
2017-05-13;9,2;27,1;81,2;
2017-05-14;0;27,9;78,5;
2017-05-15;,2;26,7;85,3;
2017-05-16;0;26,2;86,1;
2017-05-17;23,8;27;84;
2017-05-18;,2;27,5;80,6;
2017-05-19;,2;27,6;79,5;
2017-05-20;0;27,9;79,8;
2017-05-21;0;26,9;86,1;
2017-05-22;,2;25,9;88,6;
2017-05-23;5;24,1;93,1;
2017-05-24;21,6;25,5;83,5;
2017-05-25;0;27;80,1;
2017-05-26;,6;26,6;84,5;
2017-05-27;0;26,8;81;
2017-05-28;0;26,2;79,9;
2017-05-29;,2;25,6;86,2;
2017-05-30;3,8;26,2;85;
2017-05-31;,2;26,3;85,4;
2017-06-01;14,6;25,2;88,4;
2017-06-02;0;25,2;86,2;
2017-06-03;20,6;25,6;87;
2017-06-04;,6;26,8;84,8;
2017-06-05;0;26,6;83,8;
2017-06-06;4,2;26,7;81,8;
2017-06-07;,2;27;78,8;
2017-06-08;0;27,3;81;
2017-06-09;0;28,3;78,7;
2017-06-10;0;24,5;85,3;
2017-06-11;0;23,3;88;
2017-06-12;,2;25,1;82,4;
2017-06-13;,2;26,2;79,5;
2017-06-14;0;26,7;78,8;
2017-06-15;0;26,9;77,7;
2017-06-16;,2;26,4;76,5;
2017-06-17;0;26,2;77,6;
2017-06-18;0;26,5;79;
2017-06-19;,2;27,1;75,8;
2017-06-20;0;21,9;87,3;
2017-06-21;,2;22,3;80,5;
2017-06-22;0;24,8;79;
2017-06-23;0;26,4;77,3;
2017-06-24;0;26,9;77;
2017-06-25;,2;26,1;75,1;
2017-06-26;0;25,4;74,2;
2017-06-27;0;25,6;76,3;
2017-06-28;0;25,8;73,3;
2017-06-29;,2;24,8;72,7;
2017-06-30;0;25,5;74,6;
2017-07-01;0;25,8;73,8;
2017-07-02;0;25,7;76,5;
2017-07-03;0;26,1;71,3;
2017-07-04;0;25,5;71,4;
2017-07-05;0;26,3;74,8;
2017-07-06;0;27,1;73,2;
2017-07-07;0;25,9;70,6;
2017-07-08;0;24,8;72,2;
2017-07-09;0;25,6;73,2;
2017-07-10;0;26,6;71,3;
2017-07-11;,2;25,1;69,3;
2017-07-12;0;24;68,6;
2017-07-13;0;24,6;68,5;
2017-07-14;0;25,6;69,9;
2017-07-15;0;25,9;75,9;
2017-07-16;0;26,4;75,8;
2017-07-17;0;28;66,2;
2017-07-18;0;21,6;60,6;
2017-07-19;0;19,3;70,2;
2017-07-20;0;22,1;69,6;
2017-07-21;0;24,5;69,2;
2017-07-22;0;26,1;70;
2017-07-23;0;27,6;68,4;
2017-07-24;0;27;69,5;
2017-07-25;0;27,6;69,9;
2017-07-26;0;26,9;63,5;
2017-07-27;0;25,9;63,2;
2017-07-28;0;25,9;64,3;
2017-07-29;0;25,4;67,6;
2017-07-30;0;26,3;65;
2017-07-31;0;25,8;65,8;
2017-08-01;0;27;65,6;
2017-08-02;0;26,5;70,9;
2017-08-03;0;27,7;64,2;
2017-08-04;0;26,6;66,6;
2017-08-05;0;26,9;64,3;
2017-08-06;0;26,5;66,6;
2017-08-07;0;27,8;67,5;
2017-08-08;0;27,8;70,3;
2017-08-09;0;28,6;68,8;
2017-08-10;0;27,9;70,8;
2017-08-11;15,6;26,2;79,2;
2017-08-12;2,8;28,2;73,6;
2017-08-13;0;28,1;71,3;
2017-08-14;0;28,4;72,3;
2017-08-15;0;29;68,7;
2017-08-16;0;28,8;70,8;
2017-08-17;8;26,8;78,6;
2017-08-18;5,4;26,8;78;
2017-08-19;0;28,3;73,3;
2017-08-20;,6;28,9;70,4;
2017-08-21;0;27,3;71,6;
2017-08-22;0;26,2;73,8;
2017-08-23;0;27,9;69,8;
2017-08-24;0;26,4;78,2;
2017-08-25;31;26,3;80,7;
2017-08-26;1,8;27,5;74,2;
2017-08-27;0;28,5;70,5;
2017-08-28;0;28,8;71,1;
2017-08-29;0;28,8;70,3;
2017-08-30;0;29,1;68,3;
2017-08-31;3,8;25,8;80,6;
2017-09-01;,2;27,2;79;
2017-09-02;0;28;73,8;
2017-09-03;0;28,5;72,1;
2017-09-04;0;28,8;68,2;
2017-09-05;0;28,4;69,5;
2017-09-06;0;27,7;71,5;
2017-09-07;0;27;77,2;
2017-09-08;0;27,9;73,3;
2017-09-09;7,4;27,9;74,3;
2017-09-10;0;27,1;77,5;
2017-09-11;0;27,2;75,9;
2017-09-12;0;25,6;84,6;
2017-09-13;,6;26,5;79,2;
2017-09-14;0;28,5;73,5;
2017-09-15;0;27,7;71,5;
2017-09-16;0;28,3;72,2;
2017-09-17;0;27,8;67,3;
2017-09-18;0;26,8;71,6;
2017-09-19;0;27,5;72,9;
2017-09-20;0;28,4;73,8;
2017-09-21;0;29,1;70,7;
2017-09-22;0;27,4;74,1;
2017-09-23;0;27,1;76,2;
2017-09-24;22,8;25,4;84,5;
2017-09-25;2,8;26,3;81,9;
2017-09-26;57,2;24,5;85;
2017-09-27;0;25,8;79,5;
2017-09-28;0;28,1;73,7;
2017-09-29;0;27,5;75,8;
2017-09-30;0;27;77;
2017-10-01;,2;27,4;76,3;
2017-10-02;0;28,1;74,8;
2017-10-03;0;26,2;81,1;
2017-10-04;8;26,1;75,8;
2017-10-05;0;28,5;72;
2017-10-06;,4;25,6;81,5;
2017-10-07;6;26,5;77;
2017-10-08;0;25,9;80,5;
2017-10-09;,2;26,4;78,6;
2017-10-10;0;27,8;76,7;
2017-10-11;2,2;28,7;75,1;
2017-10-12;39,8;27,7;76,6;
2017-10-13;3,4;27,2;82;
2017-10-14;13;26,8;82,8;
2017-10-15;11,2;25,7;83,3;
2017-10-16;,4;27,1;79,8;
2017-10-17;2,2;27,3;79,2;
2017-10-18;9,6;26,7;82,2;
2017-10-19;4,6;27,6;77,7;
2017-10-20;0;28;75,8;
2017-10-21;7,8;24,9;86,4;
2017-10-22;0;27,2;80;
2017-10-23;10,6;25,3;84,5;
2017-10-24;1,6;24,8;86,8;
2017-10-25;1;26;79,6;
2017-10-26;,2;26,5;82,8;
2017-10-27;25,6;26,5;78,5;
2017-10-28;0;28,1;79,7;
2017-10-29;,6;28,5;75,8;
2017-10-30;,2;26,9;78,8;
2017-10-31;0;26,3;79,3;
2017-11-01;0;28,2;74,8;
2017-11-02;26,2;26,7;82,6;
2017-11-03;1,6;27,6;78,3;
2017-11-04;0;25,6;86,5;
2017-11-05;9,8;26,3;83,3;
2017-11-06;25,6;24,2;90,5;
2017-11-07;11,2;26,7;80,8;
2017-11-08;,2;28,2;76,3;
2017-11-09;0;27,1;80,3;
2017-11-10;,2;25,9;84,4;
2017-11-11;0;27;80,4;
2017-11-12;25;27;80,3;
2017-11-13;2;26,4;85,8;
2017-11-14;10,2;26;85,5;
2017-11-15;1,4;26,4;82,2;
2017-11-16;0;27,1;78,4;
2017-11-17;0;27,2;82,7;
2017-11-18;,2;26,5;82;
2017-11-19;0;27;79;
2017-11-20;21,4;24;92;
2017-11-21;23,8;25,5;84,1;
2017-11-22;0;25,5;86,3;
2017-11-23;,2;27,1;80,9;
2017-11-24;5,2;26,3;86;
2017-11-25;12,4;26,1;84,9;
2017-11-26;,2;27,3;82,5;
2017-11-27;0;27,3;80,8;
2017-11-28;3,6;26,8;84,2;
2017-11-29;,8;26,5;83,9;
2017-11-30;32;26,5;86,9;
2017-12-01;1;26,7;85;
2017-12-02;27,8;25,8;84,7;
2017-12-03;0;28,5;77,8;
2017-12-04;0;25,6;89,2;
2017-12-05;14,8;26,2;87,1;
2017-12-06;35;25,8;87;
2017-12-07;1,8;27,1;81,5;
2017-12-08;0;26,9;85,9;
2017-12-09;0;26,7;83,8;
2017-12-10;16,2;26,1;84,7;
2017-12-11;21,6;25,3;87,4;
2017-12-12;1,2;26,3;82,8;
2017-12-13;2,2;25,9;86,2;
2017-12-14;16,6;26,5;83,5;
2017-12-15;10;25,9;84,6;
2017-12-16;4;26,2;83,8;
2017-12-17;3,2;25,8;83,6;
2017-12-18;,8;25,9;86,1;
2017-12-19;32,6;24,3;92,4;
2017-12-20;15,4;24,3;90,6;
2017-12-21;36;25,3;87,5;
2017-12-22;17,6;24,9;89,1;
2017-12-23;13,4;25,6;87,6;
2017-12-24;3,8;26;85,7;
2017-12-25;,6;24,7;90,2;
2017-12-26;2,2;25;87,8;
2017-12-27;15,2;25,7;85,1;
2017-12-28;6;26,1;83,7;
2017-12-29;1,2;26,1;83,9;
2017-12-30;35,4;25,9;86,9;
2017-12-31;6;26,6;82,8;
2018-01-01;,2;25,7;87;
2018-01-02;15,8;27,4;79,6;
2018-01-03;,2;26,2;83,6;
2018-01-04;1,6;26,6;81,6;
2018-01-05;,2;27,4;80;
2018-01-06;0;26,7;82,7;
2018-01-07;17,4;24,6;87,3;
2018-01-08;1,2;25,2;85,4;
2018-01-09;,4;25,5;83,7;
2018-01-10;17,6;25,1;85,6;
2018-01-11;7,8;24,8;86,9;
2018-01-12;,2;25,7;81,7;
2018-01-13;,8;26,7;79,3;
2018-01-14;,8;26,7;77,8;
2018-01-15;0;26,7;80,9;
2018-01-16;16,8;25;88,5;
2018-01-17;50;23,8;89,9;
2018-01-18;26,8;26,1;81,4;
2018-01-19;10,4;26,1;79,9;
2018-01-20;10,2;26,5;81,7;
2018-01-21;0;26;81,9;
2018-01-22;,2;27,3;78,1;
2018-01-23;10,8;26,8;79,8;
2018-01-24;4,4;26,6;81,7;
2018-01-25;1;26,5;83,8;
2018-01-26;43,8;25,9;83,6;
2018-01-27;,4;26,1;82,7;
2018-01-28;0;26;84;
2018-01-29;,4;27,5;78,3;
2018-01-30;6,4;26,2;87;
2018-01-31;7,8;26,4;86,4;
2018-02-01;28,8;26,6;83,7;
2018-02-02;1,2;27,4;80;
2018-02-03;1,6;26;83,7;
2018-02-04;,2;27,4;80,7;
2018-02-05;53;25,8;86,8;
2018-02-06;127,8;26,3;81;
2018-02-07;3,4;25,3;87,3;
2018-02-08;5,4;26,3;83;
2018-02-09;13,6;27,5;81,9;
2018-02-10;4,8;26,2;86;
2018-02-11;2;25,1;85,9;
2018-02-12;,6;26,9;80,4;
2018-02-13;48,6;24,5;90,6;
2018-02-14;10,6;26,1;81;
2018-02-15;13,2;26,7;80,2;
2018-02-16;1;26,4;81,2;
2018-02-17;,2;26,2;85;
2018-02-18;,2;26,6;84;
2018-02-19;0;26;84,6;
2018-02-20;,2;26;85,6;
2018-02-21;3,8;25,1;88,8;
2018-02-22;,4;25,6;86,4;
2018-02-23;67,2;23,7;89;
2018-02-24;5;24,7;88,3;
2018-02-25;12,6;24,3;90,5;
2018-02-26;16,4;25,4;85,6;
2018-02-27;18,6;23,6;90;
2018-02-28;8;26,2;77,7;
2018-03-01;0;27,6;77,1;
2018-03-02;,2;26,8;84,6;
2018-03-03;3,8;26,2;86,2;
2018-03-04;,2;26,6;85,5;
2018-03-05;,2;27;82;
2018-03-06;,4;26,7;81,3;
2018-03-07;,8;25,5;90,5;
2018-03-08;3,4;26,7;82,4;
2018-03-09;,4;27,2;82,3;
2018-03-10;1,2;25,2;91,1;
2018-03-11;21,2;27;82,6;
2018-03-12;1;26,3;86,3;
2018-03-13;10;26,1;86,7;
2018-03-14;18;25,8;84,7;
2018-03-15;9,6;27,1;80,4;
2018-03-16;7,8;26;85;
2018-03-17;3,2;25,7;87;
2018-03-18;,6;27,1;79,5;
2018-03-19;,2;26,3;85,1;
2018-03-20;2,6;26,4;81,8;
2018-03-21;0;25,3;89,2;
2018-03-22;8,4;26,6;82,3;
2018-03-23;0;26,4;83;
2018-03-24;7;25,7;85,1;
2018-03-25;0;25,8;84,2;
2018-03-26;,4;25,9;84,7;
2018-03-27;3,4;25,4;87,3;
2018-03-28;7;26,5;81,7;
2018-03-29;,2;24,5;88,3;
2018-03-30;17,4;25,6;85,3;
2018-03-31;1,6;25,9;86,6;
2018-04-01;17,4;26;84,8;
2018-04-02;32,8;25,8;86,3;
2018-04-03;,4;25,5;87;
2018-04-04;18,6;25,3;88,2;
2018-04-05;15,8;26,1;83,1;
2018-04-06;0;26,4;83,6;
2018-04-07;9,6;25,8;83,6;
2018-04-08;,2;25,8;84,9;
2018-04-09;,8;25,9;85,1;
2018-04-10;40,8;26,4;83,5;
2018-04-11;,6;26;86,9;
2018-04-12;8,6;25,4;83,1;
2018-04-13;0;26,4;81,4;
2018-04-14;4,6;26;84,3;
2018-04-15;,2;25,8;84,8;
2018-04-16;77,2;24,8;85,7;
2018-04-17;0;26,7;80,3;
2018-04-18;1;26;85,1;
2018-04-19;1,8;25,4;83,5;
2018-04-20;1,4;25,9;83,4;
2018-04-21;3,4;26,3;83,8;
2018-04-22;2,4;26,8;82,2;
2018-04-23;6,2;27,5;80;
2018-04-24;15,6;27,1;81,4;
2018-04-25;2,6;26,9;80,7;
2018-04-26;8,6;27,1;82;
2018-04-27;0;26,3;84,9;
2018-04-28;5;26,1;86,2;
2018-04-29;0;25;88,1;
2018-04-30;,2;25,8;84,1;
2018-05-01;1;25,7;84,7;
2018-05-02;,2;26,7;80,3;
2018-05-03;0;26,9;79,3;
2018-05-04;0;26,2;85;
2018-05-05;,4;27;80,1;
2018-05-06;2,8;24,3;90,8;
2018-05-07;3,2;25,7;84,1;
2018-05-08;22,6;26,2;81,6;
2018-05-09;0;26;84,5;
2018-05-10;9,4;26;83;
2018-05-11;,2;26,1;82,8;
2018-05-12;,2;26,9;80;
2018-05-13;0;24,7;89,3;
2018-05-14;30,8;26,1;84,3;
2018-05-15;,2;26;83;
2018-05-16;0;26,1;82,9;
2018-05-17;2,2;26,3;80,9;
2018-05-18;,2;26,5;81,7;
2018-05-19;0;25,5;85,8;
2018-05-20;0;24,7;86;
2018-05-21;,4;24,5;82,4;
2018-05-22;0;25,3;80,4;
2018-05-23;6,4;26,4;82,3;
2018-05-24;22;26,4;82,5;
2018-05-25;1;26,9;79;
2018-05-26;0;26,1;82,8;
2018-05-27;29,6;25,9;83,4;
2018-05-28;1,2;26,7;79,8;
2018-05-29;0;26,1;83,4;
2018-05-30;0;27;80,9;
2018-05-31;0;26,8;80;
2018-06-01;,2;26,7;80,3;
2018-06-02;0;27,5;78;
2018-06-03;0;24,5;85,5;
2018-06-04;0;22,7;77,8;
2018-06-05;0;21,3;87,1;
2018-06-06;0;22,6;84,4;
2018-06-07;0;24;83,1;
2018-06-08;0;24,7;79,4;
2018-06-09;,2;25,8;79,3;
2018-06-10;1,4;26,2;82,2;
2018-06-11;0;26,5;78,4;
2018-06-12;,2;26,7;76,5;
2018-06-13;0;26,9;77,5;
2018-06-14;0;26,3;79,8;
2018-06-15;0;24,3;82,3;
2018-06-16;0;23,7;77,3;
2018-06-17;0;23,7;73,3;
2018-06-18;0;24,3;76,4;
2018-06-19;0;24,3;76,8;
2018-06-20;0;25,1;76;
2018-06-21;0;25,7;77,7;
2018-06-22;0;24,5;85,3;
2018-06-23;1,2;25;78,4;
2018-06-24;,2;25,4;75,2;
2018-06-25;0;25,5;73,7;
2018-06-26;0;26,1;73,3;
2018-06-27;0;25,1;71,5;
2018-06-28;,2;24,8;71,6;
2018-06-29;0;24,7;72,3;
2018-06-30;0;25,1;72,8;
2018-07-01;0;24,9;71,1;
2018-07-02;0;24,8;71,3;
2018-07-03;0;25,8;69,5;
2018-07-04;0;25,4;69,6;
2018-07-05;0;25,2;70,3;
2018-07-06;0;25,7;70,9;
2018-07-07;0;26,3;68,9;
2018-07-08;0;25,6;68,7;
2018-07-09;0;25,6;71,7;
2018-07-10;0;23,3;66,1;
2018-07-11;0;21,5;73,9;
2018-07-12;0;23,8;73,4;
2018-07-13;0;24,6;78,2;
2018-07-14;0;25,2;80,7;
2018-07-15;,2;26,1;75,7;
2018-07-16;6,2;26,6;77;
2018-07-17;0;27;73,5;
2018-07-18;0;26,7;71,1;
2018-07-19;0;26;72,4;
2018-07-20;0;27,1;71,3;
2018-07-21;0;26,8;65,3;
2018-07-22;0;24,4;70;
2018-07-23;0;25,5;69,2;
2018-07-24;0;27;63,9;
2018-07-25;0;25,6;65;
2018-07-26;0;25,8;65,5;
2018-07-27;0;25,5;65,8;
2018-07-28;0;26,2;69,1;
2018-07-29;0;26,2;75,9;
2018-07-30;0;26,8;74,5;
2018-07-31;0;28;72,6;
2018-08-01;0;26,8;77,9;
2018-08-02;0;26,9;74,8;
2018-08-03;0;26,6;74,7;
2018-08-04;0;27,2;72,3;
2018-08-05;0;27,3;71,9;
2018-08-06;,4;26,4;75,4;
2018-08-07;0;27,9;70;
2018-08-08;0;27,7;71,4;
2018-08-09;6,4;25,8;77,6;
2018-08-10;,2;25,8;78,8;
2018-08-11;0;25,9;76,9;
2018-08-12;0;26,5;75,8;
2018-08-13;0;27,7;71;
2018-08-14;0;27,5;70,6;
2018-08-15;0;25,5;78;
2018-08-16;5;25,4;78,3;
2018-08-17;0;26,7;74;
2018-08-18;0;27,1;69,8;
2018-08-19;0;27,2;71,5;
2018-08-20;,2;24,7;81,3;
2018-08-21;19,4;23,3;80;
2018-08-22;,2;25,1;73,7;
2018-08-23;0;26,4;71,2;
2018-08-24;0;27,8;68;
2018-08-25;0;27;72,3;
2018-08-26;,8;25,4;76,8;
2018-08-27;0;24,9;68;
2018-08-28;0;26,6;68,5;
2018-08-29;6,6;26,2;77,5;
2018-08-30;,6;26,9;75,7;
2018-08-31;0;27,8;71,9;
2018-09-01;0;26,7;77,4;
2018-09-02;2,4;27,8;73,9;
2018-09-03;7,2;25,7;76,8;
2018-09-04;,2;25,3;64,8;
2018-09-05;0;23,9;65,4;
2018-09-06;0;25,7;68;
2018-09-07;0;28,3;68,3;
2018-09-08;0;27,9;73,7;
2018-09-09;0;27,8;74,6;
2018-09-10;11,4;26,2;78,7;
2018-09-11;0;28,1;71,3;
2018-09-12;0;28;70,1;
2018-09-13;0;26,6;78,3;
2018-09-14;0;27,3;76;
2018-09-15;1,6;27,2;76,9;
2018-09-16;7,4;26,7;81;
2018-09-17;,2;28;72,7;
2018-09-18;0;28,7;73;
2018-09-19;0;28,6;68,8;
2018-09-20;0;27,5;72,8;
2018-09-21;5,6;25,7;84;
2018-09-22;9,6;25,8;83,2;
2018-09-23;15,6;27,7;73,8;
2018-09-24;,2;27,3;73,7;
2018-09-25;0;28,4;69,7;
2018-09-26;0;28,4;70,1;
2018-09-27;,6;null;82,5;
2018-09-28;null;null;null;
2018-09-29;null;27,7;73,8;
2018-09-30;0;28,7;70,8;
2018-10-01;0;29;69,8;
2018-10-02;11,6;26,3;81,7;
2018-10-03;3,2;26,5;81,3;
2018-10-04;,6;27,6;76,8;
2018-10-05;4,8;28,4;73,2;
2018-10-06;0;27,5;75,3;
2018-10-07;16,8;25,7;83,6;
2018-10-08;0;26,7;77,3;
2018-10-09;0;28,1;73,8;
2018-10-10;0;27,8;75,7;
2018-10-11;41,6;24,2;87,5;
2018-10-12;18,8;25,9;80,3;
2018-10-13;1,2;26,5;83;
2018-10-14;,6;27,4;77,7;
2018-10-15;0;27,7;79;
2018-10-16;0;29,3;73,3;
2018-10-17;0;28,9;73,5;
2018-10-18;0;27,5;78,9;
2018-10-19;0;28;76,8;
2018-10-20;10,6;27,1;79,3;
2018-10-21;0;26,9;81,3;
2018-10-22;0;26,3;85,5;
2018-10-23;10,8;27,3;80;
2018-10-24;3;24,8;91,3;
2018-10-25;34,6;26,4;82,6;
2018-10-26;0;28,6;74,6;
2018-10-27;3,4;27,3;82;
2018-10-28;0;27,9;80,7;
2018-10-29;0;27,6;77,8;
2018-10-30;0;27,5;80,5;
2018-10-31;,2;27,1;80;
2018-11-01;0;28,8;72,3;
2018-11-02;0;27,1;80,2;
2018-11-03;5,8;26,1;81;
2018-11-04;0;28,1;74;
2018-11-05;71;25,8;80,2;
2018-11-06;,2;26,3;82,3;
2018-11-07;0;25,5;87,9;
2018-11-08;45,2;26,1;84,7;
2018-11-09;,6;25,7;87,5;
2018-11-10;4;26,9;81,6;
2018-11-11;11,4;26,9;82,6;
2018-11-12;0;27,3;81,8;
2018-11-13;0;26,8;83,1;
2018-11-14;0;27,3;81,5;
2018-11-15;3;26,5;84;
2018-11-16;3,6;27,1;82,6;
2018-11-17;0;27,7;76,6;
2018-11-18;4;25,5;89,9;
2018-11-19;7,6;27,6;80,9;
2018-11-20;,2;26,8;84,3;
2018-11-21;9;25,9;86,1;
2018-11-22;,4;26,8;85,2;
2018-11-23;,6;25,9;86,3;
2018-11-24;5,8;27,3;79;
2018-11-25;36;26,6;83,4;
2018-11-26;2,6;26,8;82,7;
2018-11-27;,4;26;88;
2018-11-28;22,6;25,7;87,2;
2018-11-29;,8;26,4;84,5;
2018-11-30;0;25,7;83,2;
2018-12-01;1,2;25,6;86,5;
2018-12-02;8;24,6;91;
2018-12-03;88,4;24;89,2;
2018-12-04;38,8;25,1;84,3;
2018-12-05;0;26,4;79,6;
2018-12-06;0;26,7;81,3;
2018-12-07;29,8;23,7;90,8;
2018-12-08;11,6;25,4;84,5;
2018-12-09;,4;26,3;84,6;
2018-12-10;4;25,3;87,5;
2018-12-11;,6;26,9;79,8;
2018-12-12;29,4;27,1;79,8;
2018-12-13;0;26,5;81,5;
2018-12-14;0;25,8;84,4;
2018-12-15;10,4;25,9;83,3;
2018-12-16;26,2;26,2;83,7;
2018-12-17;3,2;26,5;81,7;
2018-12-18;0;26;83,8;
2018-12-19;4,8;26,1;83,1;
2018-12-20;,4;27,1;79;
2018-12-21;0;26,4;83,7;
2018-12-22;0;26,6;81,8;
2018-12-23;7,2;24,1;90;
2018-12-24;44,8;25,9;82,4;
2018-12-25;0;26,3;83,5;
2018-12-26;20,6;25,6;85,7;
2018-12-27;1,8;26,9;82;
2018-12-28;0;26;86,7;
2018-12-29;41,6;25,3;88,3;
2018-12-30;19,2;25,3;86,5;
2018-12-31;0;26;84,4;
2019-01-01;,4;24,6;90,4;
2019-01-02;37,8;25,6;84,9;
2019-01-03;36,6;25,4;87,3;
2019-01-04;8,2;25,6;87,1;
2019-01-05;30;27,2;82,1;
2019-01-06;8,6;26,5;85,7;
2019-01-07;0;26,1;83,2;
2019-01-08;38,6;25,2;87,7;
2019-01-09;1,8;23,9;92,5;
2019-01-10;44,8;24,9;84,6;
2019-01-11;0;26,9;79,4;
2019-01-12;0;26;84,1;
2019-01-13;13,2;24,9;84,9;
2019-01-14;2;26,5;80;
2019-01-15;0;26,4;81,8;
2019-01-16;1,2;27;81,5;
2019-01-17;1;27;79,2;
2019-01-18;,6;26,9;80;
2019-01-19;,2;26,4;82,9;
2019-01-20;,8;25,9;85,9;
2019-01-21;,2;26,5;82;
2019-01-22;17,6;26,1;82,9;
2019-01-23;1,6;26,3;84,3;
2019-01-24;24,6;25,7;86,7;
2019-01-25;18,2;27;78,3;
2019-01-26;,6;26,6;83,6;
2019-01-27;,8;26,9;81,4;
2019-01-28;,4;27,3;78,2;
2019-01-29;57,6;24,7;90,1;
2019-01-30;5,2;27,2;78,9;
2019-01-31;35,4;25,7;85,1;
2019-02-01;18,4;25,8;85,3;
2019-02-02;,2;26,6;80,9;
2019-02-03;6,6;25;89,5;
2019-02-04;14,6;25,5;85,8;
2019-02-05;,2;26,9;81,8;
2019-02-06;13;26,2;83,5;
2019-02-07;,2;27,1;82,3;
2019-02-08;0;25,1;91,8;
2019-02-09;4,8;25,7;88;
2019-02-10;2,6;27,4;80,7;
2019-02-11;,2;27,7;77,5;
2019-02-12;49,8;27,5;81,4;
2019-02-13;5,2;25,4;87,9;
2019-02-14;2,6;26,8;82,3;
2019-02-15;,4;26,2;86,3;
2019-02-16;18,8;27,1;81,4;
2019-02-17;5,2;25,8;85,7;
2019-02-18;3,2;27,3;79,4;
2019-02-19;19,8;25,7;86,6;
2019-02-20;4;25,6;88,3;
2019-02-21;9,6;27,4;78,8;
2019-02-22;69,4;26,7;79,5;
2019-02-23;,2;25,8;88,1;
2019-02-24;13,6;26,1;85;
2019-02-25;,2;26,3;86,3;
2019-02-26;0;26,5;81,6;
2019-02-27;8,4;24,8;91,6;
2019-02-28;43,6;26,2;82,3;
2019-03-01;0;26,4;79,3;
2019-03-02;0;26,3;84,4;
2019-03-03;1;26,8;84,1;
2019-03-04;,2;26;86,9;
2019-03-05;8,2;25,3;86,8;
2019-03-06;,2;27,4;76,4;
2019-03-07;0;27,9;78;
2019-03-08;0;26,8;84,3;
2019-03-09;,8;26,4;84,5;
2019-03-10;5,4;24,9;88;
2019-03-11;,2;24,5;90,9;
2019-03-12;21;25,9;84,1;
2019-03-13;2,2;27,3;80,9;
2019-03-14;0;26,5;85,3;
2019-03-15;2;25,8;88,2;
2019-03-16;,2;27,4;80,1;
2019-03-17;2;27,2;83,1;
2019-03-18;1;27;83;
2019-03-19;0;26,7;83,5;
2019-03-20;3,8;26,1;85,3;
2019-03-21;144,2;24,7;89,7;
2019-03-22;1,6;null;90,6;
2019-03-23;null;27,3;81,7;
2019-03-24;3,8;27,4;81,8;
2019-03-25;,4;26,9;83,3;
2019-03-26;,2;27,1;83,7;
2019-03-27;0;26,5;85,1;
2019-03-28;0;26,6;87,3;
2019-03-29;51,8;25,5;88,8;
2019-03-30;3,4;26,5;84,3;
2019-03-31;,2;null;89,7;
2019-04-01;null;27,7;79;
2019-04-02;,4;26,8;85,8;
2019-04-03;47,2;26,5;86;
2019-04-04;,4;27,9;82;
2019-04-05;0;27,9;80;
2019-04-06;0;26;87,7;
2019-04-07;,4;25,3;85,8;
2019-04-08;0;null;88,3;
2019-04-09;null;null;null;
2019-04-10;null;null;null;
2019-04-11;null;null;null;
2019-04-12;null;null;null;
2019-04-13;null;null;null;
2019-04-14;null;null;null;
2019-04-15;null;null;null;
2019-04-16;null;null;null;
2019-04-17;null;null;null;
2019-04-18;null;null;null;
2019-04-19;null;null;null;
2019-04-20;null;null;null;
2019-04-21;null;null;null;
2019-04-22;null;null;null;
2019-04-23;null;null;null;
2019-04-24;null;null;null;
2019-04-25;null;null;null;
2019-04-26;null;null;null;
2019-04-27;null;null;null;
2019-04-28;null;null;null;
2019-04-29;null;null;null;
2019-04-30;null;null;null;
2019-05-01;null;null;null;
2019-05-02;null;null;null;
2019-05-03;null;null;null;
2019-05-04;null;null;null;
2019-05-05;null;null;null;
2019-05-06;null;null;null;
2019-05-07;null;null;null;
2019-05-08;null;null;null;
2019-05-09;null;null;null;
2019-05-10;null;null;null;
2019-05-11;null;null;null;
2019-05-12;null;null;null;
2019-05-13;null;null;null;
2019-05-14;null;null;null;
2019-05-15;null;null;null;
2019-05-16;null;null;null;
2019-05-17;null;null;null;
2019-05-18;null;null;null;
2019-05-19;null;null;null;
2019-05-20;null;null;null;
2019-05-21;null;null;null;
2019-05-22;null;null;null;
2019-05-23;null;null;null;
2019-05-24;null;null;null;
2019-05-25;null;null;null;
2019-05-26;null;null;null;
2019-05-27;null;null;null;
2019-05-28;null;null;null;
2019-05-29;null;null;null;
2019-05-30;null;null;null;
2019-05-31;null;null;null;
2019-06-01;null;null;null;
2019-06-02;null;null;null;
2019-06-03;null;null;null;
2019-06-04;null;null;null;
2019-06-05;null;null;null;
2019-06-06;null;null;null;
2019-06-07;null;null;null;
2019-06-08;null;null;null;
2019-06-09;null;null;null;
2019-06-10;null;null;null;
2019-06-11;null;null;null;
2019-06-12;null;null;null;
2019-06-13;null;null;null;
2019-06-14;null;null;null;
2019-06-15;null;null;null;
2019-06-16;null;null;null;
2019-06-17;null;null;null;
2019-06-18;null;null;null;
2019-06-19;null;null;null;
2019-06-20;null;null;null;
2019-06-21;null;null;null;
2019-06-22;null;null;null;
2019-06-23;null;null;null;
2019-06-24;null;null;null;
2019-06-25;null;null;null;
2019-06-26;null;null;null;
2019-06-27;null;null;null;
2019-06-28;null;null;null;
2019-06-29;null;null;null;
2019-06-30;null;null;null;
2019-07-01;null;null;null;
2019-07-02;null;null;null;
2019-07-03;null;null;null;
2019-07-04;null;null;null;
2019-07-05;null;null;null;
2019-07-06;null;null;null;
2019-07-07;null;null;null;
2019-07-08;null;null;null;
2019-07-09;null;null;null;
2019-07-10;null;null;null;
2019-07-11;null;null;null;
2019-07-12;null;null;null;
2019-07-13;null;null;null;
2019-07-14;null;null;null;
2019-07-15;null;null;null;
2019-07-16;null;null;null;
2019-07-17;null;null;null;
2019-07-18;null;null;null;
2019-07-19;null;null;null;
2019-07-20;null;null;null;
2019-07-21;null;null;null;
2019-07-22;null;null;null;
2019-07-23;null;null;null;
2019-07-24;null;null;null;
2019-07-25;null;null;null;
2019-07-26;null;null;null;
2019-07-27;null;null;null;
2019-07-28;null;null;null;
2019-07-29;null;null;null;
2019-07-30;null;null;null;
2019-07-31;null;null;null;
2019-08-01;null;null;null;
2019-08-02;null;null;null;
2019-08-03;null;null;null;
2019-08-04;null;null;null;
2019-08-05;null;null;null;
2019-08-06;null;null;null;
2019-08-07;null;null;null;
2019-08-08;null;null;null;
2019-08-09;null;null;null;
2019-08-10;null;null;null;
2019-08-11;null;null;null;
2019-08-12;null;null;null;
2019-08-13;null;null;null;
2019-08-14;null;null;null;
2019-08-15;null;null;null;
2019-08-16;null;null;null;
2019-08-17;null;null;null;
2019-08-18;null;null;null;
2019-08-19;null;null;null;
2019-08-20;null;null;null;
2019-08-21;null;null;null;
2019-08-22;null;null;null;
2019-08-23;null;null;null;
2019-08-24;null;null;null;
2019-08-25;null;null;null;
2019-08-26;null;null;null;
2019-08-27;null;null;null;
2019-08-28;null;null;null;
2019-08-29;null;null;null;
2019-08-30;null;null;null;
2019-08-31;null;null;null;
2019-09-01;null;null;null;
2019-09-02;null;null;null;
2019-09-03;null;null;null;
2019-09-04;null;null;null;
2019-09-05;null;null;null;
2019-09-06;null;null;null;
2019-09-07;null;null;null;
2019-09-08;null;null;null;
2019-09-09;null;null;null;
2019-09-10;null;null;null;
2019-09-11;null;null;null;
2019-09-12;null;null;null;
2019-09-13;null;null;null;
2019-09-14;null;null;null;
2019-09-15;null;null;null;
2019-09-16;null;null;null;
2019-09-17;null;null;null;
2019-09-18;null;null;null;
2019-09-19;null;null;null;
2019-09-20;null;null;null;
2019-09-21;null;null;null;
2019-09-22;null;null;null;
2019-09-23;null;null;null;
2019-09-24;null;null;null;
2019-09-25;null;null;null;
2019-09-26;null;null;null;
2019-09-27;null;null;null;
2019-09-28;null;null;null;
2019-09-29;null;null;null;
2019-09-30;null;null;null;
2019-10-01;null;null;null;
2019-10-02;null;null;null;
2019-10-03;null;null;null;
2019-10-04;null;null;null;
2019-10-05;null;null;null;
2019-10-06;null;null;null;
2019-10-07;null;null;null;
2019-10-08;null;null;null;
2019-10-09;null;null;null;
2019-10-10;null;null;71,4;
2019-10-11;6,8;26,8;79,2;
2019-10-12;0;27,1;75,5;
2019-10-13;,4;24,5;86,7;
2019-10-14;5,8;25,1;84,4;
2019-10-15;41,8;26,3;79,6;
2019-10-16;0;25,6;83,8;
2019-10-17;0;25,3;83;
2019-10-18;12,8;26,7;78;
2019-10-19;8,8;26,1;79,9;
2019-10-20;2,2;26,6;81;
2019-10-21;,2;26,1;80;
2019-10-22;0;26,9;77,1;
2019-10-23;4,8;26,6;79,6;
2019-10-24;0;27,2;77,1;
2019-10-25;20;25;86,5;
2019-10-26;8,6;27,5;75,3;
2019-10-27;,2;27,7;75,5;
2019-10-28;,2;26;85,4;
2019-10-29;,2;null;81,8;
2019-10-30;0;null;null;
2019-10-31;0;null;null;
2019-11-01;0;25,7;84,4;
2019-11-02;10;25,4;82,7;
2019-11-03;,2;26,7;81,6;
2019-11-04;,2;28,4;75,7;
2019-11-05;0;28,3;78,8;
2019-11-06;9,6;27,6;79,4;
2019-11-07;9,6;25,8;82,2;
2019-11-08;0;27,8;75,9;
2019-11-09;0;28,3;75;
2019-11-10;38,6;26,7;80,9;
2019-11-11;0;25,7;86,4;
2019-11-12;41,4;26,3;82,1;
2019-11-13;1,8;27,2;79,1;
2019-11-14;,2;27,5;79,4;
2019-11-15;19,8;26,7;80,9;
2019-11-16;18,8;26,3;81,9;
2019-11-17;0;26,9;81,8;
2019-11-18;,4;26,6;83,3;
2019-11-19;65,2;25,1;85;
2019-11-20;21,6;26,5;80,4;
2019-11-21;,2;26,2;83,3;
2019-11-22;0;25,6;84,7;
2019-11-23;,4;25,6;79,7;
2019-11-24;1,2;25,6;85,5;
2019-11-25;,2;27,4;77;
2019-11-26;0;28,7;76,5;
2019-11-27;0;25,8;89,4;
2019-11-28;7,2;25,6;86,1;
2019-11-29;,6;26,7;80,9;
2019-11-30;0;27,8;80,3;
2019-12-01;0;27,5;79,8;
2019-12-02;12,8;26,2;82,8;
2019-12-03;0;27,4;79,5;
2019-12-04;0;28;74,5;
2019-12-05;0;27,5;80;
2019-12-06;0;24,1;91;
2019-12-07;47,4;25,3;84,6;
2019-12-08;23;27,2;81,5;
2019-12-09;5;26,5;84,8;
2019-12-10;,8;25,8;84,3;
2019-12-11;1;26,1;85;
2019-12-12;19,4;26;83,5;
2019-12-13;,2;27,3;77,3;
2019-12-14;0;25,1;84,8;
2019-12-15;1,6;27;77,5;
2019-12-16;6,8;25,5;87,3;
2019-12-17;7,8;27,1;75,6;
2019-12-18;3,4;26,5;83,2;
2019-12-19;1,8;25,3;86,1;
2019-12-20;3,8;26,6;80,6;
2019-12-21;0;27,4;82,5;
2019-12-22;5,2;26,2;86,7;
2019-12-23;4,2;25,7;88,3;
2019-12-24;12,8;26,4;84,1;
2019-12-25;17,4;25,8;84,5;
2019-12-26;3;null;90,1;
2019-12-27;null;25,7;88,9;
2019-12-28;16,6;26,2;85,8;
2019-12-29;88,4;26,5;82,8;
2019-12-30;9,6;25,2;89,7;
2019-12-31;40,4;26,7;82,5;
2020-01-01;39,8;24,9;90,9;
2020-01-02;6,8;25,4;87,4;
2020-01-03;5,6;null;93,1;
2020-01-04;null;null;null;
2020-01-05;null;null;null;
2020-01-06;null;null;null;
2020-01-07;null;null;null;
2020-01-08;null;null;null;
2020-01-09;null;null;null;
2020-01-10;null;null;null;
2020-01-11;null;null;null;
2020-01-12;null;null;null;
2020-01-13;null;null;null;
2020-01-14;null;null;null;
2020-01-15;null;null;null;
2020-01-16;null;null;null;
2020-01-17;null;null;75,7;
2020-01-18;,2;28,5;76,6;
2020-01-19;0;28,3;77,2;
2020-01-20;,6;null;88,3;
2020-01-21;null;26,5;84,7;
2020-01-22;,2;26,2;85,7;
2020-01-23;1,8;26,3;86,2;
2020-01-24;0;27,5;78,6;
2020-01-25;0;27,2;80,4;
2020-01-26;0;28,3;75,2;
2020-01-27;0;null;89,3;
2020-01-28;null;25,7;88,4;
2020-01-29;6,4;26;84,3;
2020-01-30;7,6;26,5;85,1;
2020-01-31;0;27,7;78,5;
2020-02-01;0;null;84,7;
2020-02-02;null;null;85,2;
2020-02-03;null;27,3;81,9;
2020-02-04;5,8;null;92,4;
2020-02-05;null;26,4;83,9;
2020-02-06;16;27,4;80,1;
2020-02-07;,2;null;89,2;
2020-02-08;null;25,5;83,8;
2020-02-09;0;27,5;78;
2020-02-10;,2;27,2;82,1;
2020-02-11;7,2;27;82;
2020-02-12;,6;null;91,5;
2020-02-13;null;25,5;87,9;
2020-02-14;9;null;null;
2020-02-15;null;null;null;
2020-02-16;null;null;null;
2020-02-17;null;null;null;
2020-02-18;null;null;null;
2020-02-19;null;null;null;
2020-02-20;null;null;null;
2020-02-21;null;null;null;
2020-02-22;null;null;null;
2020-02-23;null;null;null;
2020-02-24;null;null;null;
2020-02-25;null;null;null;
2020-02-26;null;null;null;
2020-02-27;null;null;null;
2020-02-28;null;null;null;
2020-02-29;null;null;null;
2020-03-01;null;null;null;
2020-03-02;null;null;null;
2020-03-03;null;null;null;
2020-03-04;null;null;null;
2020-03-05;null;null;null;
2020-03-06;null;null;null;
2020-03-07;null;null;null;
2020-03-08;null;null;null;
2020-03-09;null;null;null;
2020-03-10;null;null;null;
2020-03-11;null;null;null;
2020-03-12;null;null;null;
2020-03-13;null;null;null;
2020-03-14;null;null;null;
2020-03-15;null;null;null;
2020-03-16;null;null;null;
2020-03-17;null;null;null;
2020-03-18;null;null;null;
2020-03-19;null;null;null;
2020-03-20;null;null;null;
2020-03-21;null;null;null;
2020-03-22;null;null;null;
2020-03-23;null;null;null;
2020-03-24;null;null;null;
2020-03-25;null;null;null;
2020-03-26;null;null;null;
2020-03-27;null;null;null;
2020-03-28;null;null;null;
2020-03-29;null;null;null;
2020-03-30;null;null;null;
2020-03-31;null;null;null;
2020-04-01;null;null;null;
2020-04-02;null;null;null;
2020-04-03;null;null;null;
2020-04-04;null;null;null;
2020-04-05;null;null;null;
2020-04-06;null;null;null;
2020-04-07;null;null;null;
2020-04-08;null;null;null;
2020-04-09;null;null;null;
2020-04-10;null;null;null;
2020-04-11;null;null;null;
2020-04-12;null;null;null;
2020-04-13;null;null;null;
2020-04-14;null;null;null;
2020-04-15;null;null;null;
2020-04-16;null;null;null;
2020-04-17;null;null;null;
2020-04-18;null;null;null;
2020-04-19;null;null;null;
2020-04-20;null;null;null;
2020-04-21;null;null;null;
2020-04-22;null;null;null;
2020-04-23;null;null;null;
2020-04-24;null;null;null;
2020-04-25;null;null;null;
2020-04-26;null;null;null;
2020-04-27;null;null;null;
2020-04-28;null;null;null;
2020-04-29;null;null;null;
2020-04-30;null;null;null;
2020-05-01;null;null;null;
2020-05-02;null;null;null;
2020-05-03;null;null;null;
2020-05-04;null;null;null;
2020-05-05;null;null;null;
2020-05-06;null;null;null;
2020-05-07;null;null;null;
2020-05-08;null;null;null;
2020-05-09;null;null;null;
2020-05-10;null;null;null;
2020-05-11;null;null;null;
2020-05-12;null;null;null;
2020-05-13;null;null;null;
2020-05-14;null;null;null;
2020-05-15;null;null;null;
2020-05-16;null;null;null;
2020-05-17;null;null;null;
2020-05-18;null;null;null;
2020-05-19;null;null;null;
2020-05-20;null;null;null;
2020-05-21;null;null;null;
2020-05-22;null;null;null;
2020-05-23;null;null;null;
2020-05-24;null;null;null;
2020-05-25;null;null;null;
2020-05-26;null;null;null;
2020-05-27;null;null;null;
2020-05-28;null;null;null;
2020-05-29;null;null;null;
2020-05-30;null;null;null;
2020-05-31;null;null;null;
2020-06-01;null;null;null;
2020-06-02;null;null;null;
2020-06-03;null;null;null;
2020-06-04;null;null;null;
2020-06-05;null;null;null;
2020-06-06;null;null;null;
2020-06-07;null;null;null;
2020-06-08;null;null;null;
2020-06-09;null;null;null;
2020-06-10;null;null;null;
2020-06-11;null;null;null;
2020-06-12;null;null;null;
2020-06-13;null;null;null;
2020-06-14;null;null;null;
2020-06-15;null;null;null;
2020-06-16;null;null;null;
2020-06-17;null;null;null;
2020-06-18;null;null;null;
2020-06-19;null;null;null;
2020-06-20;null;null;null;
2020-06-21;null;null;78,4;
2020-06-22;null;null;74,1;
2020-06-23;0;null;89,8;
2020-06-24;null;null;92,5;
2020-06-25;null;27,1;78,3;
2020-06-26;0;null;83,4;
2020-06-27;null;null;null;
2020-06-28;0;null;null;
2020-06-29;0;null;65,7;
2020-06-30;0;26;81,6;
2020-07-01;,2;24,5;88,7;
2020-07-02;2,8;25,5;84,5;
2020-07-03;0;25,3;83,9;
2020-07-04;0;27;79;
2020-07-05;0;26,7;79,5;
2020-07-06;0;27,2;75,8;
2020-07-07;0;null;79,6;
2020-07-08;null;null;82,2;
2020-07-09;null;26,8;77,1;
2020-07-10;0;26;77,3;
2020-07-11;0;25,3;81,1;
2020-07-12;0;25,3;82,9;
2020-07-13;0;26,3;80,6;
2020-07-14;0;26,7;76;
2020-07-15;0;26,6;74,6;
2020-07-16;3;26,7;74,8;
2020-07-17;0;26,3;73,7;
2020-07-18;0;26,9;73,9;
2020-07-19;0;27,2;74,9;
2020-07-20;0;27,4;71,2;
2020-07-21;0;26,2;69,4;
2020-07-22;0;25,5;73,5;
2020-07-23;0;27;73,5;
2020-07-24;0;27,1;75,6;
2020-07-25;0;27,3;73,1;
2020-07-26;0;26,1;75,8;
2020-07-27;0;26;74,5;
2020-07-28;0;26,3;73,5;
2020-07-29;0;26,9;70,1;
2020-07-30;0;25,8;68,1;
2020-07-31;0;25,7;67,1;
2020-08-01;0;26;68,8;
2020-08-02;0;26,3;66,6;
2020-08-03;0;25,8;63,2;
2020-08-04;0;25,7;66,6;
2020-08-05;0;26,6;68,7;
2020-08-06;0;26,9;67,1;
2020-08-07;0;26,5;65,4;
2020-08-08;0;26,3;66,6;
2020-08-09;0;26,3;69,4;
2020-08-10;0;26,1;70,2;
2020-08-11;0;26,8;67,7;
2020-08-12;0;26,8;68,6;
2020-08-13;0;27,6;70,9;
2020-08-14;0;28,8;70,8;
2020-08-15;0;28,1;70,3;
2020-08-16;0;28,5;67,9;
2020-08-17;0;28,8;67,3;
2020-08-18;0;27,7;70,8;
2020-08-19;0;28,4;71,5;
2020-08-20;0;29,4;67,3;
2020-08-21;0;22,4;67;
2020-08-22;0;19,5;66,6;
2020-08-23;0;23;64,8;
2020-08-24;0;24,8;69,1;
2020-08-25;0;26;69,9;
2020-08-26;0;26,8;69,7;
2020-08-27;0;28,5;67,3;
2020-08-28;9;26,4;81,5;
2020-08-29;8;27,9;75,5;
2020-08-30;,4;27,4;75,5;
2020-08-31;0;27,1;75,9;
2020-09-01;,2;27;74;
2020-09-02;0;27,4;70,8;
2020-09-03;0;28,6;67,2;
2020-09-04;0;28,4;68,5;
2020-09-05;0;28,4;68,4;
2020-09-06;0;29,2;62,4;
2020-09-07;0;28,6;63,6;
2020-09-08;0;28,8;65,8;
2020-09-09;null;null;65;
2020-09-10;0;25,5;82,2;
2020-09-11;11;25,8;77,4;
2020-09-12;0;28,6;71,8;
2020-09-13;0;null;69,4;
2020-09-14;null;null;69;
2020-09-15;0;28;74,2;
2020-09-16;0;27,7;76,4;
2020-09-17;,4;27,9;74,5;
2020-09-18;0;27,8;73,7;
2020-09-19;0;29,6;68;
2020-09-20;0;29,2;67,5;
2020-09-21;null;null;76,1;
2020-09-22;null;26,3;81,7;
2020-09-23;57;26,2;78,3;
2020-09-24;0;28,9;70,8;
2020-09-25;0;26,2;80,1;
2020-09-26;30,6;23,1;91,8;
2020-09-27;null;null;81,1;
2020-09-28;0;27,2;74;
2020-09-29;0;26,4;79,7;
2020-09-30;,2;25,3;81,2;
2020-10-01;2,8;26,1;77,7;
2020-10-02;0;27,7;73,8;
2020-10-03;0;27,8;73,3;
2020-10-04;0;28,4;73,1;
2020-10-05;0;27,3;75,6;
2020-10-06;0;24,7;84,5;
2020-10-07;5,6;25,5;81,3;
2020-10-08;0;28,2;71,5;
2020-10-09;0;28,1;71,4;
2020-10-10;4,6;27,7;72,4;
2020-10-11;0;27,9;75,3;
2020-10-12;2,4;27,6;73,6;
2020-10-13;,2;28;75;
2020-10-14;0;27,6;74,5;
2020-10-15;0;26,9;77,3;
2020-10-16;0;26,9;76;
2020-10-17;0;27,5;77;
2020-10-18;0;28,5;72,8;
2020-10-19;13,8;26,2;78,7;
2020-10-20;0;27,2;80;
2020-10-21;0;27,5;75;
2020-10-22;18,8;27;77,7;
2020-10-23;2,4;27,3;76,3;
2020-10-24;0;27,2;77,5;
2020-10-25;10,6;26,2;81,3;
2020-10-26;0;28,1;76;
2020-10-27;3,4;27,7;77,3;
2020-10-28;1,2;26,5;81,9;
2020-10-29;0;27,7;76,2;
2020-10-30;0;26,7;85,8;
2020-10-31;1,2;26,1;82,7;
2020-11-01;23,8;25,6;83,3;
2020-11-02;,4;27,9;75,5;
2020-11-03;0;25,9;85,5;
2020-11-04;1;27,8;76,3;
2020-11-05;,2;28,7;75,7;
2020-11-06;0;27,6;74,9;
2020-11-07;18,8;28,1;78,3;
2020-11-08;,2;26,6;83,5;
2020-11-09;18,8;25,7;84,6;
2020-11-10;8,2;27,1;80;
2020-11-11;,2;26,6;82,1;
2020-11-12;,2;26,8;80,2;
2020-11-13;0;26,2;84,3;
2020-11-14;16,2;26,8;76,7;
2020-11-15;0;26;84,7;
2020-11-16;1,6;null;89,6;
2020-11-17;null;null;88,8;
2020-11-18;null;null;89,8;
2020-11-19;null;null;null;
2020-11-20;null;null;82,4;
2020-11-21;1,8;null;null;
2020-11-22;16,2;null;null;
2020-11-23;null;null;90,3;
2020-11-24;null;null;92,4;
2020-11-25;null;null;null;
2020-11-26;null;null;86,9;
2020-11-27;null;null;90,5;
2020-11-28;null;null;null;
2020-11-29;null;26,8;81,3;
2020-11-30;3,2;27;79,5;
2020-12-01;1;26,2;81,7;
2020-12-02;0;null;83,9;
2020-12-03;null;27;80,1;
2020-12-04;5;26,5;82,7;
2020-12-05;9,6;26,8;79,2;
2020-12-06;,8;25,2;87;
2020-12-07;34;25,1;82,1;
2020-12-08;0;27,1;78,2;
2020-12-09;,6;null;90,5;
2020-12-10;null;25,4;85,6;
2020-12-11;6,6;25,5;82,9;
2020-12-12;,2;null;86,5;
2020-12-13;null;27,6;78,4;
2020-12-14;0;null;90,6;
2020-12-15;null;null;null;
2020-12-16;null;null;92,3;
2020-12-17;null;null;null;
2020-12-18;null;null;null;
2020-12-19;null;26,4;80,9;
2020-12-20;0;26,9;79,1;
2020-12-21;0;26,6;85,6;
2020-12-22;1,2;null;91,1;
2020-12-23;null;26,6;82,6;
2020-12-24;0;null;91,6;
2020-12-25;null;null;null;
2020-12-26;null;null;92,3;
2020-12-27;null;null;93,8;
2020-12-28;null;null;null;
2020-12-29;null;null;null;
2020-12-30;null;null;null;
2020-12-31;null;null;null;
2021-01-01;null;null;null;
2021-01-02;null;null;null;
2021-01-03;null;null;null;
2021-01-04;null;null;null;
2021-01-05;null;null;null;
2021-01-06;null;null;null;
2021-01-07;null;null;null;
2021-01-08;null;null;null;
2021-01-09;null;null;null;
2021-01-10;null;null;null;
2021-01-11;null;null;null;
2021-01-12;null;null;null;
2021-01-13;null;null;null;
2021-01-14;null;null;null;
2021-01-15;null;null;null;
2021-01-16;null;null;null;
2021-01-17;null;null;null;
2021-01-18;null;null;null;
2021-01-19;null;null;null;
2021-01-20;null;null;null;
2021-01-21;null;null;null;
2021-01-22;null;null;null;
2021-01-23;null;null;null;
2021-01-24;null;null;null;
2021-01-25;null;null;null;
2021-01-26;null;null;null;
2021-01-27;null;null;null;
2021-01-28;null;null;null;
2021-01-29;null;null;null;
2021-01-30;null;null;null;
2021-01-31;null;null;null;
2021-02-01;null;null;null;
2021-02-02;null;null;null;
2021-02-03;null;null;null;
2021-02-04;null;null;null;
2021-02-05;null;null;null;
2021-02-06;null;null;null;
2021-02-07;null;null;null;
2021-02-08;null;null;null;
2021-02-09;null;null;null;
2021-02-10;null;null;null;
2021-02-11;null;null;null;
2021-02-12;null;null;null;
2021-02-13;null;null;null;
2021-02-14;null;null;null;
2021-02-15;null;null;null;
2021-02-16;null;null;null;
2021-02-17;null;null;null;
2021-02-18;null;null;null;
2021-02-19;null;null;null;
2021-02-20;null;null;null;
2021-02-21;null;null;null;
2021-02-22;null;null;null;
2021-02-23;null;null;null;
2021-02-24;null;null;null;
2021-02-25;null;null;null;
2021-02-26;null;null;null;
2021-02-27;null;null;null;
2021-02-28;null;null;null;
2021-03-01;null;null;null;
2021-03-02;null;null;null;
2021-03-03;null;null;null;
2021-03-04;null;null;null;
2021-03-05;null;null;null;
2021-03-06;null;null;null;
2021-03-07;null;null;null;
2021-03-08;null;null;null;
2021-03-09;null;null;null;
2021-03-10;null;null;null;
2021-03-11;null;null;null;
2021-03-12;null;null;null;
2021-03-13;null;null;null;
2021-03-14;null;null;null;
2021-03-15;null;null;null;
2021-03-16;null;null;null;
2021-03-17;null;null;null;
2021-03-18;null;null;null;
2021-03-19;null;null;null;
2021-03-20;null;null;null;
2021-03-21;null;null;null;
2021-03-22;null;null;null;
2021-03-23;null;null;null;
2021-03-24;null;null;null;
2021-03-25;null;null;null;
2021-03-26;null;null;null;
2021-03-27;null;null;null;
2021-03-28;null;null;null;
2021-03-29;null;null;null;
2021-03-30;null;null;null;
2021-03-31;null;null;null;
2021-04-01;null;null;null;
2021-04-02;null;null;null;
2021-04-03;null;null;null;
2021-04-04;null;null;null;
2021-04-05;null;null;null;
2021-04-06;null;null;null;
2021-04-07;null;null;null;
2021-04-08;null;null;null;
2021-04-09;null;null;null;
2021-04-10;null;null;null;
2021-04-11;null;null;null;
2021-04-12;null;null;null;
2021-04-13;null;null;null;
2021-04-14;null;null;null;
2021-04-15;null;null;null;
2021-04-16;null;null;null;
2021-04-17;null;null;null;
2021-04-18;null;null;null;
2021-04-19;null;null;null;
2021-04-20;null;null;null;
2021-04-21;null;null;null;
2021-04-22;null;null;null;
2021-04-23;null;null;null;
2021-04-24;null;null;null;
2021-04-25;null;null;null;
2021-04-26;null;null;null;
2021-04-27;null;null;null;
2021-04-28;null;null;null;
2021-04-29;null;null;null;
2021-04-30;null;null;null;
2021-05-01;null;null;null;
2021-05-02;null;null;null;
2021-05-03;null;null;null;
2021-05-04;null;null;null;
2021-05-05;null;null;null;
2021-05-06;null;null;null;
2021-05-07;null;null;null;
2021-05-08;null;null;null;
2021-05-09;null;null;null;
2021-05-10;null;null;null;
2021-05-11;null;null;null;
2021-05-12;null;null;null;
2021-05-13;null;null;null;
2021-05-14;null;null;null;
2021-05-15;null;null;null;
2021-05-16;null;null;null;
2021-05-17;null;null;null;
2021-05-18;null;null;null;
2021-05-19;null;null;null;
2021-05-20;null;null;null;
2021-05-21;null;null;null;
2021-05-22;null;null;null;
2021-05-23;null;null;null;
2021-05-24;null;null;null;
2021-05-25;null;null;null;
2021-05-26;null;null;null;
2021-05-27;null;null;null;
2021-05-28;null;null;null;
2021-05-29;null;null;null;
2021-05-30;null;null;null;
2021-05-31;null;null;null;
2021-06-01;null;null;null;
2021-06-02;null;null;null;
2021-06-03;null;null;null;
2021-06-04;null;null;null;
2021-06-05;null;null;null;
2021-06-06;null;null;null;
2021-06-07;null;null;null;
2021-06-08;null;null;null;
2021-06-09;null;null;null;
2021-06-10;null;null;null;
2021-06-11;null;null;null;
2021-06-12;null;null;null;
2021-06-13;null;null;null;
2021-06-14;null;null;null;
2021-06-15;null;null;null;
2021-06-16;null;null;null;
2021-06-17;null;null;null;
2021-06-18;null;null;null;
2021-06-19;null;null;null;
2021-06-20;null;null;null;
2021-06-21;null;null;null;
2021-06-22;null;null;null;
2021-06-23;null;null;null;
2021-06-24;null;null;null;
2021-06-25;null;null;null;
2021-06-26;null;null;null;
2021-06-27;null;null;null;
2021-06-28;null;null;null;
2021-06-29;null;null;null;
2021-06-30;null;null;null;
2021-07-01;null;null;null;
2021-07-02;null;null;null;
2021-07-03;null;null;null;
2021-07-04;null;null;null;
2021-07-05;null;null;null;
2021-07-06;null;null;null;
2021-07-07;null;null;null;
2021-07-08;null;null;null;
2021-07-09;null;null;null;
2021-07-10;null;null;null;
2021-07-11;null;null;null;
2021-07-12;null;null;null;
2021-07-13;null;null;null;
2021-07-14;null;null;null;
2021-07-15;null;null;null;
2021-07-16;null;null;null;
2021-07-17;null;null;null;
2021-07-18;null;null;null;
2021-07-19;null;null;null;
2021-07-20;null;null;null;
2021-07-21;null;null;null;
2021-07-22;null;null;null;
2021-07-23;null;null;null;
2021-07-24;null;null;null;
2021-07-25;null;null;null;
2021-07-26;null;null;null;
2021-07-27;null;null;null;
2021-07-28;null;null;null;
2021-07-29;null;null;null;
2021-07-30;null;null;null;
2021-07-31;null;null;null;
2021-08-01;null;null;null;
2021-08-02;null;null;null;
2021-08-03;null;null;null;
2021-08-04;null;null;null;
2021-08-05;null;null;null;
2021-08-06;null;null;null;
2021-08-07;null;null;null;
2021-08-08;null;null;null;
2021-08-09;null;null;null;
2021-08-10;null;null;null;
2021-08-11;null;null;null;
2021-08-12;null;null;null;
2021-08-13;null;null;null;
2021-08-14;null;null;null;
2021-08-15;null;null;null;
2021-08-16;null;null;null;
2021-08-17;null;null;null;
2021-08-18;null;null;null;
2021-08-19;null;null;null;
2021-08-20;null;null;null;
2021-08-21;null;null;null;
2021-08-22;null;null;null;
2021-08-23;null;null;null;
2021-08-24;null;null;null;
2021-08-25;null;null;null;
2021-08-26;null;null;null;
2021-08-27;null;null;null;
2021-08-28;null;null;null;
2021-08-29;null;null;null;
2021-08-30;null;null;null;
2021-08-31;null;null;null;
2021-09-01;null;null;null;
2021-09-02;null;null;null;
2021-09-03;null;null;null;
2021-09-04;null;null;null;
2021-09-05;null;null;null;
2021-09-06;null;null;null;
2021-09-07;null;null;null;
2021-09-08;null;null;null;
2021-09-09;null;null;null;
2021-09-10;null;null;null;
2021-09-11;null;null;null;
2021-09-12;null;null;null;
2021-09-13;null;null;null;
2021-09-14;null;null;null;
2021-09-15;null;null;null;
2021-09-16;null;null;null;
2021-09-17;null;null;null;
2021-09-18;null;null;null;
2021-09-19;null;null;null;
2021-09-20;null;null;null;
2021-09-21;null;null;null;
2021-09-22;null;null;null;
2021-09-23;null;null;null;
2021-09-24;null;null;null;
2021-09-25;null;null;null;
2021-09-26;null;null;null;
2021-09-27;null;null;null;
2021-09-28;null;null;null;
2021-09-29;null;null;null;
2021-09-30;null;null;null;
2021-10-01;null;null;null;
2021-10-02;null;null;null;
2021-10-03;null;null;null;
2021-10-04;null;null;null;
2021-10-05;null;null;null;
2021-10-06;null;null;null;
2021-10-07;null;null;null;
2021-10-08;null;null;null;
2021-10-09;null;null;null;
2021-10-10;null;null;null;
2021-10-11;null;null;null;
2021-10-12;null;null;null;
2021-10-13;null;null;null;
2021-10-14;null;null;null;
2021-10-15;null;null;null;
2021-10-16;null;null;null;
2021-10-17;null;null;null;
2021-10-18;null;null;null;
2021-10-19;null;null;null;
2021-10-20;null;null;null;
2021-10-21;null;null;null;
2021-10-22;null;null;null;
2021-10-23;null;null;null;
2021-10-24;null;null;null;
2021-10-25;null;null;null;
2021-10-26;null;null;null;
2021-10-27;null;null;null;
2021-10-28;null;null;null;
2021-10-29;null;null;null;
2021-10-30;null;null;null;
2021-10-31;null;null;null;
2021-11-01;null;null;null;
2021-11-02;null;null;null;
2021-11-03;null;null;null;
2021-11-04;null;null;null;
2021-11-05;null;null;null;
2021-11-06;null;null;null;
2021-11-07;null;null;null;
2021-11-08;null;null;null;
2021-11-09;null;null;null;
2021-11-10;null;null;null;
2021-11-11;null;null;null;
2021-11-12;null;null;null;
2021-11-13;null;null;null;
2021-11-14;null;null;null;
2021-11-15;null;null;null;
2021-11-16;null;null;null;
2021-11-17;null;null;null;
2021-11-18;null;null;null;
2021-11-19;null;null;null;
2021-11-20;null;null;null;
2021-11-21;null;null;null;
2021-11-22;null;null;null;
2021-11-23;null;null;null;
2021-11-24;null;null;null;
2021-11-25;null;null;null;
2021-11-26;null;null;null;
2021-11-27;null;null;null;
2021-11-28;null;null;null;
2021-11-29;null;null;null;
2021-11-30;null;null;null;
2021-12-01;null;null;null;
2021-12-02;null;null;null;
2021-12-03;null;null;null;
2021-12-04;null;null;null;
2021-12-05;null;null;null;
2021-12-06;null;null;null;
2021-12-07;null;null;null;
2021-12-08;null;null;null;
2021-12-09;null;null;null;
2021-12-10;null;null;null;
2021-12-11;null;null;null;
2021-12-12;null;null;null;
2021-12-13;null;null;null;
2021-12-14;null;null;null;
2021-12-15;null;null;null;
2021-12-16;null;null;null;
2021-12-17;null;null;null;
2021-12-18;null;null;null;
2021-12-19;null;null;null;
2021-12-20;null;null;null;
2021-12-21;null;null;null;
2021-12-22;null;null;null;
2021-12-23;null;null;null;
2021-12-24;null;null;null;
2021-12-25;null;null;null;
2021-12-26;null;null;null;
2021-12-27;null;null;null;
2021-12-28;null;null;null;
2021-12-29;null;null;null;
2021-12-30;null;null;null;
2021-12-31;null;null;null;
2022-01-01;null;null;null;
2022-01-02;null;null;null;
2022-01-03;null;null;null;
2022-01-04;null;null;null;
2022-01-05;null;null;null;
2022-01-06;null;null;null;
2022-01-07;null;null;null;
2022-01-08;null;null;null;
2022-01-09;null;null;null;
2022-01-10;null;null;null;
2022-01-11;null;null;null;
2022-01-12;null;null;null;
2022-01-13;null;null;null;
2022-01-14;null;null;null;
2022-01-15;null;null;null;
2022-01-16;null;null;null;
2022-01-17;null;null;null;
2022-01-18;null;null;null;
2022-01-19;null;null;null;
2022-01-20;null;null;null;
2022-01-21;null;null;null;
2022-01-22;null;null;null;
2022-01-23;null;null;null;
2022-01-24;null;null;null;
2022-01-25;null;null;null;
2022-01-26;null;null;null;
2022-01-27;null;null;null;
2022-01-28;null;null;null;
2022-01-29;null;null;null;
2022-01-30;null;null;null;
2022-01-31;null;null;null;
2022-02-01;null;null;null;
2022-02-02;null;null;null;
2022-02-03;null;null;null;
2022-02-04;null;null;null;
2022-02-05;null;null;null;
2022-02-06;null;null;null;
2022-02-07;null;null;null;
2022-02-08;null;null;null;
2022-02-09;null;null;null;
2022-02-10;null;null;null;
2022-02-11;null;null;null;
2022-02-12;null;null;null;
2022-02-13;null;null;null;
2022-02-14;null;null;null;
2022-02-15;null;null;null;
2022-02-16;null;null;null;
2022-02-17;null;null;null;
2022-02-18;null;null;null;
2022-02-19;null;null;null;
2022-02-20;null;null;null;
2022-02-21;null;null;null;
2022-02-22;null;null;null;
2022-02-23;null;null;null;
2022-02-24;null;null;null;
2022-02-25;null;null;null;
2022-02-26;null;null;null;
2022-02-27;null;null;null;
2022-02-28;null;null;null;
2022-03-01;null;null;null;
2022-03-02;null;null;null;
2022-03-03;null;null;null;
2022-03-04;null;null;null;
2022-03-05;null;null;null;
2022-03-06;null;null;null;
2022-03-07;null;null;null;
2022-03-08;null;null;null;
2022-03-09;null;null;null;
2022-03-10;null;null;null;
2022-03-11;null;null;null;
2022-03-12;null;null;null;
2022-03-13;null;null;null;
2022-03-14;null;null;null;
2022-03-15;null;null;null;
2022-03-16;null;null;null;
2022-03-17;null;null;null;
2022-03-18;null;null;null;
2022-03-19;null;null;null;
2022-03-20;null;null;null;
2022-03-21;null;null;null;
2022-03-22;null;null;null;
2022-03-23;null;null;null;
2022-03-24;null;null;null;
2022-03-25;null;null;null;
2022-03-26;null;null;null;
2022-03-27;null;null;null;
2022-03-28;null;null;null;
2022-03-29;null;null;null;
2022-03-30;null;null;null;
2022-03-31;null;null;null;
2022-04-01;null;null;null;
2022-04-02;null;null;null;
2022-04-03;null;null;null;
2022-04-04;null;null;null;
2022-04-05;null;null;null;
2022-04-06;null;null;null;
2022-04-07;null;null;null;
2022-04-08;null;null;null;
2022-04-09;null;null;null;
2022-04-10;null;null;null;
2022-04-11;null;null;null;
2022-04-12;null;null;null;
2022-04-13;null;null;null;
2022-04-14;null;null;null;
2022-04-15;null;null;null;
2022-04-16;null;null;null;
2022-04-17;null;null;null;
2022-04-18;null;null;null;
2022-04-19;null;null;null;
2022-04-20;null;null;null;
2022-04-21;null;null;null;
2022-04-22;null;null;null;
2022-04-23;null;null;null;
2022-04-24;null;null;null;
2022-04-25;null;null;null;
2022-04-26;null;null;null;
2022-04-27;null;null;null;
2022-04-28;null;null;null;
2022-04-29;null;null;null;
2022-04-30;null;null;null;
2022-05-01;null;null;null;
2022-05-02;null;null;null;
2022-05-03;null;null;null;
2022-05-04;null;null;null;
2022-05-05;null;null;null;
2022-05-06;null;null;null;
2022-05-07;null;null;null;
2022-05-08;null;null;null;
2022-05-09;null;null;null;
2022-05-10;null;null;null;
2022-05-11;null;null;null;
2022-05-12;null;null;null;
2022-05-13;null;null;null;
2022-05-14;null;null;null;
2022-05-15;null;null;null;
2022-05-16;null;null;null;
2022-05-17;null;null;null;
2022-05-18;null;null;null;
2022-05-19;null;null;null;
2022-05-20;null;null;null;
2022-05-21;null;null;null;
2022-05-22;null;null;null;
2022-05-23;null;null;null;
2022-05-24;null;null;null;
2022-05-25;null;null;null;
2022-05-26;null;null;null;
2022-05-27;null;null;null;
2022-05-28;null;null;null;
2022-05-29;null;null;null;
2022-05-30;null;null;null;
2022-05-31;null;null;null;
2022-06-01;null;null;null;
2022-06-02;null;null;null;
2022-06-03;null;null;null;
2022-06-04;null;null;null;
2022-06-05;null;null;null;
2022-06-06;null;null;null;
2022-06-07;null;null;null;
2022-06-08;null;null;null;
2022-06-09;null;null;null;
2022-06-10;null;null;null;
2022-06-11;null;null;null;
2022-06-12;null;null;null;
2022-06-13;null;null;null;
2022-06-14;null;null;null;
2022-06-15;null;null;null;
2022-06-16;null;null;null;
2022-06-17;null;null;null;
2022-06-18;null;null;null;
2022-06-19;null;null;null;
2022-06-20;null;null;null;
2022-06-21;null;null;null;
2022-06-22;null;null;null;
2022-06-23;null;null;null;
2022-06-24;null;null;null;
2022-06-25;null;null;null;
2022-06-26;null;null;null;
2022-06-27;null;null;null;
2022-06-28;null;null;null;
2022-06-29;null;null;null;
2022-06-30;null;null;null;
2022-07-01;null;null;null;
2022-07-02;null;null;null;
2022-07-03;null;null;null;
2022-07-04;null;null;null;
2022-07-05;null;null;null;
2022-07-06;null;null;null;
2022-07-07;null;null;null;
2022-07-08;null;null;null;
2022-07-09;null;null;null;
2022-07-10;null;null;null;
2022-07-11;null;null;null;
2022-07-12;null;25,9;83;
2022-07-13;0;26,3;76,9;
2022-07-14;0;26,8;73,7;
2022-07-15;0;26,8;77,3;
2022-07-16;0;26,5;79,4;
2022-07-17;0;27,4;75,8;
2022-07-18;0;27,2;73;
2022-07-19;0;26,9;72;
2022-07-20;0;26;68,5;
2022-07-21;0;25,5;71,9;
2022-07-22;0;26,3;74,3;
2022-07-23;0;27,2;73,3;
2022-07-24;0;26,3;72,3;
2022-07-25;0;26,1;70,3;
2022-07-26;0;27,1;68,8;
2022-07-27;0;26,9;65,5;
2022-07-28;0;25,8;66;
2022-07-29;0;25,6;68,8;
2022-07-30;null;null;68,7;
2022-07-31;0;25,6;75,3;
2022-08-01;0;26,5;77;
2022-08-02;0;27;74,7;
2022-08-03;0;27,7;72,9;
2022-08-04;0;27,6;74,8;
2022-08-05;25,2;26,8;78,1;
2022-08-06;,2;27,2;74,5;
2022-08-07;0;27,6;75,5;
2022-08-08;0;26,6;80,6;
2022-08-09;13,4;27;77,8;
2022-08-10;4,6;24,1;80;
2022-08-11;,2;24;74,6;
2022-08-12;0;25,8;73,3;
2022-08-13;0;26,7;73,3;
2022-08-14;0;27,2;74,7;
2022-08-15;0;27,4;75,7;
2022-08-16;0;26,8;75,4;
2022-08-17;0;27,4;74,3;
2022-08-18;0;27,5;74,1;
2022-08-19;,2;24,5;79,6;
2022-08-20;0;21,9;65,1;
2022-08-21;0;23,7;64,3;
2022-08-22;0;25,4;65,2;
2022-08-23;0;26,3;66,3;
2022-08-24;0;26,1;69,3;
2022-08-25;0;26,9;73,6;
2022-08-26;0;27,3;76,3;
2022-08-27;1,2;27,5;75,4;
2022-08-28;,8;26,5;76;
2022-08-29;4;26,7;77,1;
2022-08-30;0;27,4;64;
2022-08-31;0;27,4;69,6;
2022-09-01;0;27,4;69,5;
2022-09-02;0;27,2;75;
2022-09-03;0;26,5;74,4;
2022-09-04;0;26,9;70,8;
2022-09-05;0;26,3;70,5;
2022-09-06;0;27,2;67,5;
2022-09-07;0;28;67,5;
2022-09-08;0;28,4;68,7;
2022-09-09;0;28,6;67,5;
2022-09-10;0;28,1;70,6;
2022-09-11;,6;26,9;77,1;
2022-09-12;11;27,7;75,2;
2022-09-13;,2;28,5;73,8;
2022-09-14;0;28,9;67;
2022-09-15;0;27,9;67,7;
2022-09-16;0;27,8;64,4;
2022-09-17;0;28,8;64,2;
2022-09-18;3;24,8;82,3;
2022-09-19;4,2;26,3;77;
2022-09-20;,2;27,9;70,3;
2022-09-21;0;29,3;65,6;
2022-09-22;0;29;68,8;
2022-09-23;0;28,1;71,9;
2022-09-24;2;28,4;71,9;
2022-09-25;0;28,2;67,1;
2022-09-26;0;28,5;64,8;
2022-09-27;0;29,3;65,4;
2022-09-28;0;29,4;67,5;
2022-09-29;0;28,9;66,3;
2022-09-30;0;26,6;73,6;
2022-10-01;19;27,1;73,5;
2022-10-02;19,6;24,7;85;
2022-10-03;0;27,1;77;
2022-10-04;0;27,6;70,8;
2022-10-05;0;28,4;69,8;
2022-10-06;0;29,1;68,3;
2022-10-07;0;29,6;66,2;
2022-10-08;3,4;27,2;72,5;
2022-10-09;,2;29;67,6;
2022-10-10;0;28,1;70,2;
2022-10-11;0;26,7;77,1;
2022-10-12;0;26,7;76,4;
2022-10-13;0;26,7;78,5;
2022-10-14;4;26,1;80;
2022-10-15;,2;26,5;77,7;
2022-10-16;5,6;24,8;86,8;
2022-10-17;35,2;26,5;75,6;
2022-10-18;0;27,8;73,6;
2022-10-19;0;27,5;75,3;
2022-10-20;0;28,2;73,3;
2022-10-21;,4;null;87,8;
2022-10-22;null;null;82,9;
2022-10-23;null;null;null;
2022-10-24;null;27,7;79,4;
2022-10-25;null;null;null;
2022-10-26;null;null;null;
2022-10-27;null;null;null;
2022-10-28;null;null;null;
2022-10-29;null;null;null;
2022-10-30;null;null;null;
2022-10-31;null;null;null;
2022-11-01;null;null;null;
2022-11-02;null;null;null;
2022-11-03;null;null;null;
2022-11-04;null;null;null;
2022-11-05;null;null;80,4;
2022-11-06;null;null;78,3;
2022-11-07;null;null;null;
2022-11-08;null;null;null;
2022-11-09;null;null;null;
2022-11-10;null;null;null;
2022-11-11;null;null;85,8;
2022-11-12;null;null;null;
2022-11-13;null;null;null;
2022-11-14;null;null;null;
2022-11-15;null;null;null;
2022-11-16;null;null;null;
2022-11-17;null;null;null;
2022-11-18;null;null;null;
2022-11-19;null;null;null;
2022-11-20;null;null;null;
2022-11-21;null;null;null;
2022-11-22;null;null;null;
2022-11-23;null;null;null;
2022-11-24;null;null;null;
2022-11-25;null;null;null;
2022-11-26;null;null;null;
2022-11-27;null;null;null;
2022-11-28;null;null;null;
2022-11-29;null;null;null;
2022-11-30;null;null;null;
2022-12-01;null;null;null;
2022-12-02;null;null;null;
2022-12-03;null;null;null;
2022-12-04;null;null;null;
2022-12-05;null;null;null;
2022-12-06;null;null;null;
2022-12-07;null;null;null;
2022-12-08;null;null;null;
2022-12-09;null;null;null;
2022-12-10;null;null;null;
2022-12-11;null;null;null;
2022-12-12;null;null;null;
2022-12-13;null;null;null;
2022-12-14;null;null;null;
2022-12-15;null;null;null;
2022-12-16;null;null;null;
2022-12-17;null;null;null;
2022-12-18;null;null;null;
2022-12-19;null;null;null;
2022-12-20;null;null;null;
2022-12-21;null;null;null;
2022-12-22;null;null;null;
2022-12-23;null;null;null;
2022-12-24;null;null;null;
2022-12-25;null;null;null;
2022-12-26;null;null;null;
2022-12-27;null;null;null;
2022-12-28;null;null;null;
2022-12-29;null;null;null;
2022-12-30;null;null;null;
2022-12-31;null;null;null;
2023-01-01;null;null;null;
2023-01-02;null;null;null;
2023-01-03;null;null;null;
2023-01-04;null;null;null;
2023-01-05;null;null;null;
2023-01-06;null;null;null;
2023-01-07;null;null;null;
2023-01-08;null;null;null;
2023-01-09;null;null;null;
2023-01-10;null;null;null;
2023-01-11;null;null;null;
2023-01-12;null;null;null;
2023-01-13;null;null;null;
2023-01-14;null;null;null;
2023-01-15;null;null;null;
2023-01-16;null;null;null;
2023-01-17;null;null;null;
2023-01-18;null;null;null;
2023-01-19;null;null;null;
2023-01-20;null;null;null;
2023-01-21;null;null;null;
2023-01-22;null;null;null;
2023-01-23;null;null;null;
2023-01-24;null;null;null;
2023-01-25;null;null;null;
2023-01-26;null;null;null;
2023-01-27;null;null;null;
2023-01-28;null;null;null;
2023-01-29;null;null;null;
2023-01-30;null;null;null;
2023-01-31;null;null;null;
2023-02-01;null;null;null;
2023-02-02;null;null;null;
2023-02-03;null;null;null;
2023-02-04;null;null;null;
2023-02-05;null;null;null;
2023-02-06;null;null;null;
2023-02-07;null;null;null;
2023-02-08;null;null;null;
2023-02-09;null;null;null;
2023-02-10;null;null;null;
2023-02-11;null;null;null;
2023-02-12;null;null;null;
2023-02-13;null;null;null;
2023-02-14;null;null;null;
2023-02-15;null;null;null;
2023-02-16;null;null;null;
2023-02-17;null;null;null;
2023-02-18;null;null;null;
2023-02-19;null;null;null;
2023-02-20;null;null;null;
2023-02-21;null;null;null;
2023-02-22;null;null;null;
2023-02-23;null;null;null;
2023-02-24;null;null;null;
2023-02-25;null;null;null;
2023-02-26;null;null;null;
2023-02-27;null;null;null;
2023-02-28;null;null;null;
2023-03-01;null;null;null;
2023-03-02;null;null;null;
2023-03-03;null;null;null;
2023-03-04;null;null;null;
2023-03-05;null;null;null;
2023-03-06;null;null;null;
2023-03-07;null;null;null;
2023-03-08;null;null;null;
2023-03-09;null;null;null;
2023-03-10;null;null;null;
2023-03-11;null;null;null;
2023-03-12;null;null;null;
2023-03-13;null;null;null;
2023-03-14;null;null;null;
2023-03-15;null;null;null;
2023-03-16;null;null;null;
2023-03-17;null;null;null;
2023-03-18;null;null;null;
2023-03-19;null;null;null;
2023-03-20;null;null;null;
2023-03-21;null;null;null;
2023-03-22;null;null;null;
2023-03-23;null;null;null;
2023-03-24;null;null;null;
2023-03-25;null;null;null;
2023-03-26;null;null;null;
2023-03-27;null;null;null;
2023-03-28;null;null;null;
2023-03-29;null;null;null;
2023-03-30;null;null;null;
2023-03-31;null;null;null;
2023-04-01;null;null;null;
2023-04-02;null;null;null;
2023-04-03;null;null;null;
2023-04-04;null;null;null;
2023-04-05;null;null;null;
2023-04-06;null;null;null;
2023-04-07;null;null;null;
2023-04-08;null;null;null;
2023-04-09;null;null;null;
2023-04-10;null;null;null;
2023-04-11;null;null;null;
2023-04-12;null;null;null;
2023-04-13;null;null;null;
2023-04-14;null;null;null;
2023-04-15;null;null;null;
2023-04-16;null;null;null;
2023-04-17;null;null;null;
2023-04-18;null;null;null;
2023-04-19;null;null;null;
2023-04-20;null;null;null;
2023-04-21;null;null;null;
2023-04-22;null;null;null;
2023-04-23;null;null;null;
2023-04-24;null;null;null;
2023-04-25;null;null;null;
2023-04-26;null;null;null;
2023-04-27;null;null;null;
2023-04-28;null;null;null;
2023-04-29;null;null;null;
2023-04-30;null;null;null;
2023-05-01;null;null;null;
2023-05-02;null;null;null;
2023-05-03;null;null;null;
2023-05-04;null;null;null;
2023-05-05;null;null;null;
2023-05-06;null;null;null;
2023-05-07;null;null;null;
2023-05-08;null;null;null;
2023-05-09;null;null;null;
2023-05-10;null;null;null;
2023-05-11;null;null;null;
2023-05-12;null;null;null;
2023-05-13;null;null;null;
2023-05-14;null;null;null;
2023-05-15;null;null;null;
2023-05-16;null;null;null;
2023-05-17;null;null;null;
2023-05-18;null;null;null;
2023-05-19;null;null;null;
2023-05-20;null;null;null;
2023-05-21;null;null;null;
2023-05-22;null;null;null;
2023-05-23;null;null;null;
2023-05-24;null;null;null;
2023-05-25;null;null;null;
2023-05-26;null;28;80,5;
2023-05-27;0;27,9;80;
2023-05-28;0;28,1;80;
2023-05-29;0;27,4;81,3;
2023-05-30;0;26,3;84,8;
2023-05-31;0;24,9;88,4;
2023-06-01;18,2;24,6;89,8;
2023-06-02;16,2;25,2;87;
2023-06-03;0;26,4;81,5;
2023-06-04;0;25,6;87;
2023-06-05;8,2;24,6;89,5;
2023-06-06;13,4;25,3;86,8;
2023-06-07;,6;25,6;86,4;
2023-06-08;,4;26,2;85,3;
2023-06-09;0;26,8;81;
2023-06-10;0;26,7;82;
2023-06-11;0;26,2;82,5;
2023-06-12;0;26,4;81,4;
2023-06-13;0;24,7;87,3;
2023-06-14;46,2;16,9;89,6;
2023-06-15;,4;18,4;82,8;
2023-06-16;0;22,6;80,8;
2023-06-17;0;25,1;78,7;
2023-06-18;0;25,2;78,3;
2023-06-19;0;25;82,3;
2023-06-20;0;27;79,2;
2023-06-21;0;27;78,5;
2023-06-22;0;26,9;78,4;
2023-06-23;0;26,4;79;
2023-06-24;0;26,8;79,3;
2023-06-25;0;27,2;80,1;
2023-06-26;0;27,4;79,1;
2023-06-27;0;26,9;77,8;
2023-06-28;0;26,5;78,3;
2023-06-29;0;26,5;76,4;
2023-06-30;0;25,2;74,9;
2023-07-01;0;25,8;73,7;
2023-07-02;0;25,6;74,4;
2023-07-03;0;25,6;74,4;
2023-07-04;0;25,4;75;
2023-07-05;0;26,1;75;
2023-07-06;0;26,8;74,1;
2023-07-07;0;26,6;77,7;
2023-07-08;0;27,1;77,6;
2023-07-09;0;26,8;74,8;
2023-07-10;0;27;76,1;
2023-07-11;0;27;74,9;
2023-07-12;0;26,6;77,4;
2023-07-13;0;26,8;77,2;
2023-07-14;0;27;76,5;
2023-07-15;0;26,1;79,6;
2023-07-16;0;26,2;81;
2023-07-17;,8;26,5;78,5;
2023-07-18;,2;27;74,6;
2023-07-19;0;27,2;72,7;
2023-07-20;0;26,6;73,5;
2023-07-21;0;26,5;71,8;
2023-07-22;0;26,2;69,2;
2023-07-23;0;25,5;68;
2023-07-24;0;25,4;70,8;
2023-07-25;0;25,6;72,5;
2023-07-26;0;26,2;71,6;
2023-07-27;0;26,6;71,3;
2023-07-28;0;27,2;70;
2023-07-29;0;26,8;67,7;
2023-07-30;0;25,9;70,1;
2023-07-31;0;27;68,9;
2023-08-01;0;27,5;68,9;
2023-08-02;0;27,5;69,8;
2023-08-03;0;27,3;74,6;
2023-08-04;,2;26,9;74;
2023-08-05;0;27,7;73,5;
2023-08-06;0;27,9;72,2;
2023-08-07;0;28,6;72,1;
2023-08-08;0;27,3;75,8;
2023-08-09;0;27,4;74,5;
2023-08-10;0;28,3;72,1;
2023-08-11;0;27,8;73,1;
2023-08-12;0;27,7;73,2;
2023-08-13;17,8;23,6;90,6;
2023-08-14;12,4;23,8;85;
2023-08-15;,2;26,1;77;
2023-08-16;0;27,2;74,4;
2023-08-17;0;26,9;77,9;
2023-08-18;0;28,1;73,3;
2023-08-19;0;28,8;75,1;
2023-08-20;0;28,7;73,8;
2023-08-21;0;28,8;74,3;
2023-08-22;0;28,8;74;
2023-08-23;0;28,6;71;
2023-08-24;0;27,8;76,1;
2023-08-25;0;28;76,4;
2023-08-26;0;28,5;71,7;
2023-08-27;0;28,4;73,8;
2023-08-28;2,2;27,3;75;
2023-08-29;0;28,6;70,1;
2023-08-30;0;27,5;76,5;
2023-08-31;0;28,3;71,4;
2023-09-01;0;28,5;71,3;
2023-09-02;0;28,7;70,5;
2023-09-03;0;28,9;69,5;
2023-09-04;0;29,2;67,1;
2023-09-05;0;28,4;64,9;
2023-09-06;0;28,5;62,9;
2023-09-07;0;29;67,2;
2023-09-08;0;28,5;69,4;
2023-09-09;0;29,2;69,3;
2023-09-10;0;29,1;67,5;
2023-09-11;1,4;27,3;77;
2023-09-12;54;27,3;75,4;
2023-09-13;,4;28,9;73,4;
2023-09-14;5,2;28,8;71,5;
2023-09-15;,2;27,9;71,6;
2023-09-16;0;29;69,5;
2023-09-17;3,2;26,4;81,9;
2023-09-18;,2;26,7;80,5;
2023-09-19;0;27,5;74,3;
2023-09-20;1,6;25,8;81,5;
2023-09-21;5,8;26,5;79,4;
2023-09-22;0;28,9;73;
2023-09-23;0;28;76,3;
2023-09-24;3,6;28,8;72,1;
2023-09-25;,2;28,7;75;
2023-09-26;0;28,9;72,7;
2023-09-27;0;29,9;69,8;
2023-09-28;0;29,9;66;
2023-09-29;0;29;72,1;
2023-09-30;12,2;27,5;80,8;
2023-10-01;2;29,1;75,5;
2023-10-02;0;29,7;70,7;
2023-10-03;0;26,6;84,1;
2023-10-04;,2;28,7;73,9;
2023-10-05;0;29,4;73,5;
2023-10-06;0;28,4;78,9;
2023-10-07;3,4;28,5;76,5;
2023-10-08;,2;29,9;70,6;
2023-10-09;0;28,9;73,2;
2023-10-10;0;27,6;77,5;
2023-10-11;0;29,7;72,3;
2023-10-12;0;28,6;72,8;
2023-10-13;14,8;27,7;76,9;
2023-10-14;3,6;28,2;76,9;
2023-10-15;,2;28,2;72;
2023-10-16;6;27,1;78,9;
2023-10-17;,6;27,7;76,4;
2023-10-18;,2;29,1;71;
2023-10-19;0;27,6;72,5;
2023-10-20;0;29;70,7;
2023-10-21;0;29,7;70,8;
2023-10-22;0;29,3;74,4;
2023-10-23;3;27,9;73,9;
2023-10-24;,2;29,4;72;
2023-10-25;0;29,1;73,4;
2023-10-26;0;28,6;74,7;
2023-10-27;0;28,7;71,9;
2023-10-28;0;29,3;71,5;
2023-10-29;0;30,2;67,1;
2023-10-30;0;27,3;76,2;
2023-10-31;0;26,8;76,9;
2023-11-01;1,4;26,6;81,2;
2023-11-02;0;27,6;73,8;
2023-11-03;0;29,4;72,1;
2023-11-04;0;27,4;78,7;
2023-11-05;7,2;26,8;81,8;
2023-11-06;,2;29,4;73;
2023-11-07;15,4;25,4;85,2;
2023-11-08;16,6;27,4;79,2;
2023-11-09;0;28,9;72,8;
2023-11-10;0;29;75,5;
2023-11-11;0;28,5;76,3;
2023-11-12;0;28,7;76,4;
2023-11-13;0;28,5;75,7;
2023-11-14;0;28,8;72,8;
2023-11-15;0;29,1;72;
2023-11-16;0;30,3;69,8;
2023-11-17;0;30;70,5;
2023-11-18;,8;29,6;72,5;
2023-11-19;0;29,3;74,2;
2023-11-20;51,2;26,7;80,8;
2023-11-21;0;27,9;78,6;
2023-11-22;0;28,4;75,5;
2023-11-23;0;28;78;
2023-11-24;,4;28,7;72,3;
2023-11-25;10,2;25,7;84,1;
2023-11-26;,2;27,1;80,4;
2023-11-27;1,2;27,2;79,9;
2023-11-28;,2;27,6;79,4;
2023-11-29;,2;27,9;79,8;
2023-11-30;0;27,4;79,9;
2023-12-01;0;28,1;75,7;
2023-12-02;0;27,7;77,4;
2023-12-03;,4;28,2;74,5;
2023-12-04;,2;27,6;72,9;
2023-12-05;,2;26,9;80,1;
2023-12-06;3;27,6;76,2;
2023-12-07;0;28,9;71,7;
2023-12-08;,2;27,9;73,7;
2023-12-09;,2;28,1;77,7;
2023-12-10;11,4;28;79,3;
2023-12-11;0;25,9;87,3;
2023-12-12;8,6;26,4;83,2;
2023-12-13;,2;28,4;76,7;
2023-12-14;0;26,5;89,2;
2023-12-15;17,2;27,5;80,5;
2023-12-16;0;27,1;83,4;
2023-12-17;8,4;27,4;80,6;
2023-12-18;4,6;27,9;79,8;
2023-12-19;0;29,3;73,4;
2023-12-20;9,2;27;84,3;
2023-12-21;0;26,5;82,6;
2023-12-22;,8;28;79,3;
2023-12-23;0;28,1;76,3;
2023-12-24;0;27,8;79;
2023-12-25;9,2;25,7;87,4;
2023-12-26;,2;26,7;81,3;
2023-12-27;0;28,8;75,2;
2023-12-28;0;27,2;81,8;
2023-12-29;0;26,5;84;
2023-12-30;4,2;27,7;78,8;
2023-12-31;2,6;26,9;84,2;

